"","Gsk3_p","Mek_p","mTor_p","Akt_p","Erk_p","Stat3_p","Smad2_p","Replicate","x_status","Perturbation1","Perturbation2","Category","Treatment_id"
"...1",0.0371849203336458,-0.335835668250457,0.029653274014377,0.0104467874351226,-1.53699025419395,0.348311158684724,-0.0420728461619625,"R3","XO","Activin","Bmp4ri","Exp_XO","Activin+Bmp4ri"
"...2",-0.330902164018624,1.01683595006801,-0.0830045267550867,-0.626983133180176,-0.435675110194754,-0.147131132674311,1.70567002674272,"R3","XO","Activin","Fgf4","Exp_XO","Activin+Fgf4"
"...3",-0.169689593912885,-1.27074064002857,-0.135200737880515,-0.555900035118693,-2.7868833576111,-0.00723752997507087,1.50260591164384,"R3","XO","Activin","Fgfri","Exp_XO","Activin+Fgfri"
"...4",-0.76741939070792,-0.284954499248274,-0.221240568947205,-0.934411658372424,-1.83157354223829,0.178951148237684,1.52338635609664,"R3","XO","Activin","Gsk3i","Exp_XO","Activin+Gsk3i"
"...5",-0.201822214853695,0.201492260831809,-0.466651606886383,-0.916489750375161,-1.49251487699959,0.134869941900557,1.41932138322729,"R3","XO","Activin","Igfri","Exp_XO","Activin+Igfri"
"...6",-0.846490961699119,0.0168359500680144,-0.419654127349213,-0.279059829759869,-1.57783099120153,-1.27626783943601,1.06135894440561,"R3","XO","Activin","Jaki","Exp_XO","Activin+Jaki"
"...7",0.17368692023851,3.29822138199887,0.0828462131799637,0.0197846520144466,-1.73776417531343,-0.147718660364936,1.49257247144486,"R3","XO","Activin","Meki","Exp_XO","Activin+Meki"
"...8",0.11228637557437,-0.313809361920459,0.102298575846147,0.0474409949173179,-1.80926247490127,-0.289617217730636,2.13195680176872,"R3","XO","Activin",NA,"Exp_XO","Activin+NA"
"...9",-1.5699733265017,-0.1882784798366,-0.897701424153858,-1.86402233048103,-2.06609082162065,-0.256175835982946,1.98926707931312,"R3","XO","Activin","Pi3ki","Exp_XO","Activin+Pi3ki"
"...10",-0.665321203089183,0.231759700500613,-0.237450796128466,-0.717180942151755,0.379722277011362,-0.494097849676142,-0.320353236045509,"R3","XO","Bmp4ri","Gsk3i","Exp_XO","Bmp4ri+Gsk3i"
"...11",0.0426809080884954,-0.161806268475409,0.16530837337194,-0.201057317758597,-1.77950676726909,0.0602750607417997,-1.06572190819985,"R3","XO","Bmp4ri",NA,"Exp_XO","Bmp4ri+NA"
"...12",-0.234686848759321,-0.0976759310556936,0.063127978565461,-0.701750901582148,-0.325950199827014,0.304861612635549,-0.486225016182597,"R3","XO","Fgf4","Bmp4ri","Exp_XO","Fgf4+Bmp4ri"
"...13",-0.234686848759321,-1.14875011564996,-0.120093845490305,-0.488155428482859,-3.24796286495607,0.122731163203135,0.00356232151962008,"R3","XO","Fgf4","Fgfri","Exp_XO","Fgf4+Fgfri"
"...14",-0.561609853567077,0.342236236862176,-0.097726032461852,-1.21194563390133,1.41542556766969,-0.926010444110059,-0.0887806999994845,"R3","XO","Fgf4","Gsk3i","Exp_XO","Fgf4+Gsk3i"
"...15",-0.441649229526162,0.718612115771923,-0.428931940937225,-1.14781529648162,0.396713105784287,0.134377921029597,0.628413328969247,"R3","XO","Fgf4","Igfri","Exp_XO","Fgf4+Igfri"
"...16",-1.15074803025943,0.0680612734231808,-0.392173390927108,-1.19025056280201,-0.32460371717379,-3.46821668723439,0.0998580432340811,"R3","XO","Fgf4","Jaki","Exp_XO","Fgf4+Jaki"
"...17",-0.0478708496191237,4.32625294774103,-0.0397204290262862,-0.279059829759869,-0.915065212404683,0.00533003401414341,-0.347471816087069,"R3","XO","Fgf4","Meki","Exp_XO","Fgf4+Meki"
"...18",-0.214878367679141,0.251590872422184,0.0091891714546641,-0.528419298696587,0.00937199350597443,-0.00852440237519332,0.11333707874625,"R3","XO","Fgf4",NA,"Exp_XO","Fgf4+NA"
"...19",-1.6924573330267,0.360614766177032,-0.705056346211461,-1.97093753439754,0.216868878131315,0.0370835150110298,-0.0630030476863686,"R3","XO","Fgf4","Pi3ki","Exp_XO","Fgf4+Pi3ki"
"...20",-0.254771094802654,-0.685778139307417,-0.575773329266496,-0.46192388690968,-1.70934859187577,-0.322719721712849,-0.0452354189979643,"R3","XO","Fgfri","Igfri","Exp_XO","Fgfri+Igfri"
"...21",-0.101420317895858,-0.909742980462619,0.219756157394322,0.80974943719799,-2.78299188074887,0.286280537764523,-0.447709318171451,"R3","XO","Fgfri",NA,"Exp_XO","Fgfri+NA"
"...22",-1.5699733265017,-0.75334142312005,-0.990810828545339,-1.93441165837242,-2.10297015573081,-0.580295510287191,0.00559400813763813,"R3","XO","Fgfri","Pi3ki","Exp_XO","Fgfri+Pi3ki"
"...23",-0.647509926972724,-0.116617494709153,-0.0540046550325335,-0.830074998557688,0.206889131725076,-0.422520894787238,0.185133356751264,"R3","XO","Gsk3i",NA,"Exp_XO","Gsk3i+NA"
"...24",-0.309737554020583,-0.0544227331018091,-0.485887825749301,-1.23397194023133,-1.37562626462978,0.0164234438288697,-0.547317270870528,"R3","XO","Igfri",NA,"Exp_XO","Igfri+NA"
"...25",-1.06550074364092,0.101228137358389,-0.438269805516562,-1.42344973909505,0.716914963763407,-1.83413996973418,-0.381788737890929,"R3","XO","Jaki","Bmp4ri","Exp_XO","Jaki+Bmp4ri"
"...26",-1.2683176266406,0.536614282029032,-0.253845234379134,-1.30214344287291,0.887815940118325,-2.09649902134716,-0.317009520492882,"R3","XO","Jaki","Gsk3i","Exp_XO","Jaki+Gsk3i"
"...27",-0.806413522323782,0.101228137358389,-0.270428118574738,-0.881300321912861,1.09958022017522,-1.4454877251889,-0.0963239453083537,"R3","XO","Jaki",NA,"Exp_XO","Jaki+NA"
"...28",-0.0833487449738393,3.2423289422108,-0.374139468096845,0.416085588711715,-1.21395106391229,-0.0497601442511369,-0.196074809247087,"R3","XO","Meki","Igfri","Exp_XO","Meki+Igfri"
"...29",-0.0773748439292063,3.22299710064605,0.0958435537088489,-0.0864147518174734,-1.95815218218958,-0.0990099034355591,-0.201657065215874,"R3","XO","Meki",NA,"Exp_XO","Meki+NA"
"...30",-1.7294515405089,4.00957526518642,-1.26211285036273,-1.86402233048103,-0.737667517274114,-0.34277518508355,1.28485467778875,"R3","XO","Meki","Pi3ki","Exp_XO","Meki+Pi3ki"
"...31",-0.188883159146197,-0.459350204735812,-0.0115693887121363,0.0923884009712884,-1.89057891415594,-1.62709736012767,-0.14326679492161,"R3","XO","NoLif",NA,"Exp_XO","NoLif+NA"
"...32",-1.60392065842504,-0.085184986872496,-0.910640479861357,-1.8987877486417,-0.709444028412274,-0.23521736945441,-0.256388923893555,"R3","XO","Pi3ki",NA,"Exp_XO","Pi3ki+NA"
"...33",-0.199681068589525,-0.433573450716271,-0.0654820030824636,NA,-1.94242297361403,-0.099402142220948,0.0869260634898494,"R4","XO","Activin","Bmp4ri","Exp_XO","Activin+Bmp4ri"
"...34",0.39677707096946,1.50610708000991,0.0875973269219282,NA,2.4012378634841,-0.303318494177403,1.12120641986672,"R4","XO","Activin","Fgf4","Exp_XO","Activin+Fgf4"
"...35",-0.319975302307238,-1.08210108021489,-0.445070666357019,NA,-3.05898544226248,-0.21121433209316,1.37263497943182,"R4","XO","Activin","Fgfri","Exp_XO","Activin+Fgfri"
"...36",-0.689731922285215,-0.302869759071677,-0.390104207139091,NA,-1.40402858290875,-0.183952765992445,1.84285179604068,"R4","XO","Activin","Gsk3i","Exp_XO","Activin+Gsk3i"
"...37",-0.258574757643093,0.208291441239362,-0.531658351353109,NA,-0.629602374821116,0.202344060093259,1.57427886373554,"R4","XO","Activin","Igfri","Exp_XO","Activin+Igfri"
"...38",-1.05694089647344,-0.384663850235324,-0.487715003765511,NA,-1.80202741505204,-2.13920733647785,1.59331517415403,"R4","XO","Activin","Jaki","Exp_XO","Activin+Jaki"
"...39",0.285745758580718,4.28114578064345,0.217156960690842,NA,-2.89941393546658,0.249686941136269,1.23359580837049,"R4","XO","Activin","Meki","Exp_XO","Activin+Meki"
"...40",-0.0993761627938401,-0.24716032648539,-0.0981481920027862,NA,-1.24968348933411,-0.00820157934948132,1.27538001015941,"R4","XO","Activin",NA,"Exp_XO","Activin+NA"
"...41",-1.21126904286474,0.790594595510025,-0.756531762193312,NA,-0.1274920682496,0.327294479878654,1.79269056200517,"R4","XO","Activin","Pi3ki","Exp_XO","Activin+Pi3ki"
"...42",-1.35811043119401,0.469996786600632,0.475759120209372,NA,1.56177593825824,-0.43017959585493,-0.326755046637454,"R4","XO","Bmp4ri","Gsk3i","Exp_XO","Bmp4ri+Gsk3i"
"...43",-0.437544898688413,-0.269186632815389,-0.0547555964894057,NA,-2.3758117288163,0.310358461789368,-0.0839013268897628,"R4","XO","Bmp4ri",NA,"Exp_XO","Bmp4ri+NA"
"...44",-0.493040011280116,0.0303736490435178,-0.120343938116983,NA,0.194149331306371,0.0109494249464235,-0.389032258554342,"R4","XO","Fgf4","Bmp4ri","Exp_XO","Fgf4+Bmp4ri"
"...45",-0.319975302307238,-0.848610949995116,-0.189056688200996,NA,-1.93452213107887,-0.177614046468698,-0.198808999517691,"R4","XO","Fgf4","Fgfri","Exp_XO","Fgf4+Fgfri"
"...46",-1.30748435812404,0.922764674956919,0.64321586606094,NA,1.3053704866117,-0.514718441684066,-0.00762936725529208,"R4","XO","Fgf4","Gsk3i","Exp_XO","Fgf4+Gsk3i"
"...47",-0.507253870499818,0.270687978377224,-0.516861349425029,NA,1.30629311577337,0.0474828296743137,0.148558541709962,"R4","XO","Fgf4","Igfri","Exp_XO","Fgf4+Igfri"
"...48",-1.12107123389316,0.315775867905768,-0.502214573460628,NA,0.640297030345431,-2.42145452722029,-0.143168483960341,"R4","XO","Fgf4","Jaki","Exp_XO","Fgf4+Jaki"
"...49",-0.0674332702910865,4.97376757839103,0.662844672809867,NA,-1.33099805512339,0.176418857285661,-0.221441236326719,"R4","XO","Fgf4","Meki","Exp_XO","Fgf4+Meki"
"...50",-0.423998366850465,0.621334890386122,-0.16578690887815,NA,1.40426268583088,0.235214724898749,0.0792763759264963,"R4","XO","Fgf4",NA,"Exp_XO","Fgf4+NA"
"...51",-1.09937616279384,0.685725477656071,-0.561715585209289,NA,1.16668167222403,-0.215870705995226,0.174260637420939,"R4","XO","Fgf4","Pi3ki","Exp_XO","Fgf4+Pi3ki"
"...52",-0.154238097828358,-0.550087459442697,-0.623776553341541,NA,-1.32344171869228,-0.118028449070629,-0.0736170447835036,"R4","XO","Fgfri","Igfri","Exp_XO","Fgfri+Igfri"
"...53",-0.673612256921937,-1.18302998906567,-0.273590198412664,NA,-2.62839080962247,-0.193670019963337,-0.114953547215033,"R4","XO","Fgfri",NA,"Exp_XO","Fgfri+NA"
"...54",-1.46502563511052,-0.721698837512896,-1.02304673676207,NA,-1.34710791728022,-0.297414094468811,0.150106471255078,"R4","XO","Fgfri","Pi3ki","Exp_XO","Fgfri+Pi3ki"
"...55",-0.689731922285215,-0.172613373120337,-0.14288650676807,NA,0.0983134541295475,-0.312245179192646,0.435580815626722,"R4","XO","Gsk3i",NA,"Exp_XO","Gsk3i+NA"
"...56",-0.550755509136405,-0.15200309344505,-0.608009237483225,NA,-0.44466623135348,-0.302663599175415,-0.0536657438689313,"R4","XO","Igfri",NA,"Exp_XO","Igfri+NA"
"...57",-0.580502852530456,-0.24716032648539,-0.212707956265642,NA,0.459876522863501,-2.15079316892848,-0.561636065969635,"R4","XO","Jaki","Bmp4ri","Exp_XO","Jaki+Bmp4ri"
"...58",-0.565552511064484,-0.00615222698159488,-0.154291270040319,NA,-0.0446286020986416,-1.84992381658152,0.363000847809734,"R4","XO","Jaki","Gsk3i","Exp_XO","Jaki+Gsk3i"
"...59",-1.28282230388977,-0.24716032648539,-0.54660869281908,NA,-1.06448158040101,-1.34085695091472,-0.457493733139021,"R4","XO","Jaki",NA,"Exp_XO","Jaki+NA"
"...60",0.00445964819070243,3.70633068198527,-0.655837762573838,NA,-2.06164432034668,0.00798906794636329,0.391106053748623,"R4","XO","Meki","Igfri","Exp_XO","Meki+Igfri"
"...61",-0.143097540223157,3.30463531030057,-0.109203380511781,NA,-2.65765468379459,0.226902853607131,-0.0436275791535562,"R4","XO","Meki",NA,"Exp_XO","Meki+NA"
"...62",-1.41057785108815,4.02302879843035,-1.13157119354024,NA,-1.21117687224228,0.0883185793264586,0.311923916810254,"R4","XO","Meki","Pi3ki","Exp_XO","Meki+Pi3ki"
"...63",0.0439880123773353,-0.421189726260439,0.0383538079020809,NA,-1.96004206316289,-1.56935836885515,0.405997840164733,"R4","XO","NoLif",NA,"Exp_XO","NoLif+NA"
"...64",-1.49304001128012,0.300902591424235,-0.922117827911286,NA,0.0753833463727085,0.342183625450554,-0.567268442976946,"R4","XO","Pi3ki",NA,"Exp_XO","Pi3ki+NA"
"...65",-0.715636037092577,-0.270853910293093,0.174788413361355,0.0157673158583153,-1.95316337692178,-0.296641835366993,0.695810532159435,"R5","XO","Activin","Bmp4ri","Exp_XO","Activin+Bmp4ri"
"...66",-0.419876242747965,0.148098638989136,-0.106112413265955,0.299560281858907,1.37962611500278,-0.119918746142227,0.971822694966652,"R5","XO","Activin","Fgf4","Exp_XO","Activin+Fgf4"
"...67",-1.27135371803788,-0.509013647487857,-0.432541900388259,0.13606154957603,-1.875652052155,-0.00900827552229223,1.47031101462894,"R5","XO","Activin","Fgfri","Exp_XO","Activin+Fgfri"
"...68",-1.07961362394589,-0.0130561528254464,0.21131428938646,-0.048363021561399,-0.556832270477253,-0.0750762410720825,1.75421244291373,"R5","XO","Activin","Gsk3i","Exp_XO","Activin+Gsk3i"
"...69",-1.5469881606513,-0.302562770020431,-0.877953048710621,0.13606154957603,-1.18050705328094,0.107685580181668,1.48391980725306,"R5","XO","Activin","Igfri","Exp_XO","Activin+Igfri"
"...70",-1.45369624059877,-0.194503024162978,-0.203723209892377,-0.115477217419936,-2.01556386173333,-1.47027793016368,1.41209481407436,"R5","XO","Activin","Jaki","Exp_XO","Activin+Jaki"
"...71",-0.853303699308004,1.22239242133645,-0.298115580167333,0.325095373966042,-4.1767588003365,-0.641191087566392,1.05310017492026,"R5","XO","Activin","Meki","Exp_XO","Activin+Meki"
"...72",-0.433309254515491,-0.165059246270496,0.11435255949938,0.0157673158583153,-0.753572306504525,0.21219822901863,1.55073781799727,"R5","XO","Activin",NA,"Exp_XO","Activin+NA"
"...73",-3.62499067265258,-0.911772816988264,-2.47834559000138,-0.507794640198697,NA,NA,NA,"R5","XO","Activin","Pi3ki","Exp_XO","Activin+Pi3ki"
"...74",-0.738799069711896,-0.0801703486839832,-0.303258883443293,0.247092861964776,-0.327131072455362,-1.24198354672789,-0.431226224816087,"R5","XO","Bmp4ri","Gsk3i","Exp_XO","Bmp4ri+Gsk3i"
"...75",-0.0743425364567569,-0.150559676575381,0.0593111959414213,-0.0159415438690215,-1.22301098270493,-0.385016966076618,0.315609439187588,"R5","XO","Bmp4ri",NA,"Exp_XO","Bmp4ri+NA"
"...76",-0.611184873127548,-0.052948879948959,-0.0104771342154465,-0.0159415438690215,1.64817607934604,1.18871683203823,0.0456449804075412,"R5","XO","Fgf4","Bmp4ri","Exp_XO","Fgf4+Bmp4ri"
"...77",-0.545528681476871,-0.419376435003181,-0.19413716106318,-0.115477217419936,-1.35359057831556,0.463926728329206,-0.282706515711231,"R5","XO","Fgf4","Fgfri","Exp_XO","Fgf4+Fgfri"
"...78",-1.2689431994472,0.136321471212782,-0.165755359693358,-0.0159415438690215,NA,NA,NA,"R5","XO","Fgf4","Gsk3i","Exp_XO","Fgf4+Gsk3i"
"...79",-0.450961272877528,0.171368418311986,-0.466757615726172,-0.115477217419936,0.471810912403983,0.159455725948623,-0.946921746704221,"R5","XO","Fgf4","Igfri","Exp_XO","Fgf4+Igfri"
"...80",-1.49817591129836,0.148098638989136,-0.466757615726172,0.0157673158583153,0.0476287638714407,-1.76818786137763,-0.571767381123938,"R5","XO","Fgf4","Jaki","Exp_XO","Fgf4+Jaki"
"...81",-0.320429709735303,2.83129297671436,0.075252739810436,0.13606154957603,NA,NA,NA,"R5","XO","Fgf4","Meki","Exp_XO","Fgf4+Meki"
"...82",-0.39600758183279,0.100401896957835,-0.00627714568616046,-0.048363021561399,0.815593034864544,-0.504125303512586,0.201977431858555,"R5","XO","Fgf4",NA,"Exp_XO","Fgf4+NA"
"...83",-1.96008001561518,0.500204882541517,-0.767205983203081,0.106915203916516,1.42361420953952,0.883578249078772,-0.472489620301718,"R5","XO","Fgf4","Pi3ki","Exp_XO","Fgf4+Pi3ki"
"...84",-1.09021392909964,-0.436863861732022,-0.612362937973071,0.0467942114789369,-2.56377025963639,0.101099141669145,-0.939014810846321,"R5","XO","Fgfri","Igfri","Exp_XO","Fgfri+Igfri"
"...85",-0.856919478245509,-0.565597175854224,-0.339784759468407,0.106915203916516,-2.2544460349677,0.289549067615224,-0.122525643189129,"R5","XO","Fgfri",NA,"Exp_XO","Fgfri+NA"
"...86",-2.1466272380049,-0.224560258019158,-0.825211586638647,0.0157673158583153,-1.2919863430601,-0.274496799193006,-0.335599108454744,"R5","XO","Fgfri","Pi3ki","Exp_XO","Fgfri+Pi3ki"
"...87",-1.16892590511368,-0.255257055242074,-0.189367916915307,-0.222392421336448,NA,NA,NA,"R5","XO","Gsk3i",NA,"Exp_XO","Gsk3i+NA"
"...88",-0.728826483637119,-0.270853910293093,-0.574560905260687,0.0467942114789369,-0.880784991303945,0.314985056239931,-0.112572292144027,"R5","XO","Igfri",NA,"Exp_XO","Igfri+NA"
"...89",-1.80885486505276,-0.255257055242074,-0.78149020920933,0.13606154957603,-1.10105175867473,-1.76525353230092,-1.46939160394444,"R5","XO","Jaki","Bmp4ri","Exp_XO","Jaki+Bmp4ri"
"...90",-1.89544255004885,-0.194503024162978,-0.817832056273049,0.0467942114789369,0.168474186027385,-2.1742636638684,-0.125035850738137,"R5","XO","Jaki","Gsk3i","Exp_XO","Jaki+Gsk3i"
"...91",-1.32543039079367,-0.0664954117869068,-0.466757615726172,-0.115477217419936,NA,NA,NA,"R5","XO","Jaki",NA,"Exp_XO","Jaki+NA"
"...92",-1.50100195537712,1.0064840335702,-0.725182768307375,0.164630701772798,NA,NA,NA,"R5","XO","Meki","Igfri","Exp_XO","Meki+Igfri"
"...93",-0.855110456013635,1.04478792174684,-0.277723791336154,0.106915203916516,-1.80593706267426,-0.296243476089756,-0.0479844778635698,"R5","XO","Meki",NA,"Exp_XO","Meki+NA"
"...94",-2.45096127287753,1.0759488532333,-1.12876115221116,0.0157673158583153,-1.66845557995484,-0.406678557669423,0.105663478389831,"R5","XO","Meki","Pi3ki","Exp_XO","Meki+Pi3ki"
"...95",-0.44550684278542,-0.270853910293093,-0.0618544935810403,0.0157673158583153,NA,NA,NA,"R5","XO","NoLif",NA,"Exp_XO","NoLif+NA"
"...96",-2.6311692475817,-0.436863861732022,-0.98959840453953,-0.048363021561399,-1.15358765513801,0.102231371251807,-0.146359445617026,"R5","XO","Pi3ki",NA,"Exp_XO","Pi3ki+NA"
"...97",0.19687304032623,0.343635429818341,0.0621834328019859,0.370176573495114,-1.30694512013899,0.183905797207244,0.173843697165585,"R3","XX","Activin","Bmp4ri","Exp_XX","Activin+Bmp4ri"
"...98",0.18879069402837,0.451777867518184,0.0621834328019859,-0.0776847727552168,0.329253619736165,-0.108824929137095,0.630598440542779,"R3","XX","Activin","Fgf4","Exp_XX","Activin+Fgf4"
"...99",-0.253519735400581,-0.190266409480458,-0.190090278194029,-0.759383060273804,-2.38777289874073,-0.457545877688757,0.621701103872698,"R3","XX","Activin","Fgfri","Exp_XX","Activin+Fgfri"
"...100",-0.215480374381407,0.296040481324205,-0.10967159573873,-0.543923353099239,-0.740068621629056,0.000462969575803557,0.823987929139279,"R3","XX","Activin","Gsk3i","Exp_XX","Activin+Gsk3i"
"...101",-0.281318187744153,0.288236608594059,-0.365769954362147,-1.15837261832078,0.0479424963966839,-0.353627611155702,0.495813708152657,"R3","XX","Activin","Igfri","Exp_XX","Activin+Igfri"
"...102",-0.102067394029746,0.298913871729282,-0.0584462723835565,-0.139347792639021,-1.47395366483948,-1.35167854879088,0.942909910239329,"R3","XX","Activin","Jaki","Exp_XX","Activin+Jaki"
"...103",-0.0154797090336566,0.655411178290056,-0.14486102420103,-0.306126238764469,-7.46648813471473,-0.187004819587067,0.324090274730984,"R3","XX","Activin","Meki","Exp_XX","Activin+Meki"
"...104",0.192837527091066,0.276108025184229,0.107746010182428,0.480880037901335,-0.51151264815306,-0.438508803315543,0.502588043519592,"R3","XX","Activin",NA,"Exp_XX","Activin+NA"
"...105",-1.01081833166379,0.61773168880885,-0.716526702308729,-2.48669848440629,0.525997281695193,-0.50645067108801,0.588069187493227,"R3","XX","Activin","Pi3ki","Exp_XX","Activin+Pi3ki"
"...106",-0.479587814880427,-0.121989166678961,-0.101006734611603,-0.967324325312711,0.42538422371351,-0.103590451775725,0.599813548740559,"R3","XX","Bmp4ri","Gsk3i","Exp_XX","Bmp4ri+Gsk3i"
"...107",-0.0921858825157825,0.131329829753032,0.0621834328019859,-0.711765040041063,-1.67684494671215,-0.631140604976869,-1.21420060615442,"R3","XX","Bmp4ri",NA,"Exp_XX","Bmp4ri+NA"
"...108",-0.292589300079173,0.351308923484104,0.0544477840223787,-0.978551580735965,-0.549258674899114,0.194651154268374,-0.447540422242729,"R3","XX","Fgf4","Bmp4ri","Exp_XX","Fgf4+Bmp4ri"
"...109",-0.168001664214523,-0.620632861520759,-0.0500827994489306,-1.04781424317308,-3.32343617465561,-0.267659806587345,-0.248487765052455,"R3","XX","Fgf4","Fgfri","Exp_XX","Fgf4+Fgfri"
"...110",-0.607462637432585,0.325515020960883,0.0309888111983832,-1.6566234858486,0.110323526314092,-0.307398606124156,-0.202294160924759,"R3","XX","Fgf4","Gsk3i","Exp_XX","Fgf4+Gsk3i"
"...111",-0.281318187744153,0.192414250428606,-0.386678944125128,-1.60351214938904,-0.0618687302812359,-0.0856196649576847,-0.577724873656927,"R3","XX","Fgf4","Igfri","Exp_XX","Fgf4+Igfri"
"...112",-0.635891045759101,0.324685933505792,-0.162782932198292,-1.51911996209867,-1.06338595105138,-1.7479853489505,-0.673234585290429,"R3","XX","Fgf4","Jaki","Exp_XX","Fgf4+Jaki"
"...113",0.113936699344147,0.499872155719232,0.0151348599975559,-0.237084594334817,-7.03309735263494,-0.13156494672528,-0.105673197488241,"R3","XX","Fgf4","Meki","Exp_XX","Fgf4+Meki"
"...114",-0.157659719993064,0.0611870304950102,-0.00897759611925661,-1.15837261832078,-0.480494638812317,0.146835261279874,-0.290803906071274,"R3","XX","Fgf4",NA,"Exp_XX","Fgf4+NA"
"...115",-1.27571548151478,0.368466724092412,-0.855354407006046,-2.76909821510701,0.399051536159965,-0.137929158816828,NA,"R3","XX","Fgf4","Pi3ki","Exp_XX","Fgf4+Pi3ki"
"...116",-0.31539918298726,-0.443521716245859,-0.355428010140689,-1.00127165723605,-2.40283803883299,-0.480189108701918,-0.580050277972937,"R3","XX","Fgfri","Igfri","Exp_XX","Fgfri+Igfri"
"...117",-0.398199488039772,-0.414991338207572,-0.190090278194029,-1.05968834346137,-2.31111501598287,-0.0490298894497473,-0.278700773545182,"R3","XX","Fgfri",NA,"Exp_XX","Fgfri+NA"
"...118",-1.41657801735463,-0.239445739044969,-0.884798184898528,-2.45498962467895,-1.81474086498278,-0.721507730047875,0.00114660787231855,"R3","XX","Fgfri","Pi3ki","Exp_XX","Fgfri+Pi3ki"
"...119",-0.473161545720994,0.130760756690278,-0.0500827994489306,-1.27811186259487,0.191797229233793,-0.101560524752337,-0.0859064795073968,"R3","XX","Gsk3i",NA,"Exp_XX","Gsk3i+NA"
"...120",-0.428961741810459,0.0206019312387247,-0.324839690307265,-1.80862657929365,-0.414184583463881,-0.39015668162889,-0.177899296168605,"R3","XX","Igfri",NA,"Exp_XX","Igfri+NA"
"...121",-0.486042837017725,0.0991109223805502,-0.00897759611925661,-1.15837261832078,-0.25452067618168,-1.77397356687371,-0.454613023023923,"R3","XX","Jaki","Bmp4ri","Exp_XX","Jaki+Bmp4ri"
"...122",-1.15765971999306,0.151855368090828,-0.208586621811418,-1.849268563791,-0.739259123668276,-2.00256824481597,-0.189568352955254,"R3","XX","Jaki","Gsk3i","Exp_XX","Jaki+Gsk3i"
"...123",-0.37405340070807,-0.0724392138240831,-0.0753200909479527,-1.15837261832078,-0.127659755072059,-1.90963237194584,0.205527366214336,"R3","XX","Jaki",NA,"Exp_XX","Jaki+NA"
"...124",-0.132124627885927,0.620841966616642,-0.397248185835316,-0.257452392028781,-5.07689950636354,-0.153607156827512,-0.385019500221791,"R3","XX","Meki","Igfri","Exp_XX","Meki+Igfri"
"...125",-0.259036740368145,0.799267166741398,-0.10967159573873,-0.740146841410887,-6.57800354517347,0.22606311710758,-0.000564672194869557,"R3","XX","Meki",NA,"Exp_XX","Meki+NA"
"...126",-1.25351973540058,0.865523820556572,-1.05844627238356,-2.36384173662076,-4.95105944811181,-0.190570463923899,-0.281342300831063,"R3","XX","Meki","Pi3ki","Exp_XX","Meki+Pi3ki"
"...127",0.0168380112390672,0.10530358665856,0.0621834328019859,-0.00127165723604783,-0.6484316953373,-1.40466950976606,-0.119209299748938,"R3","XX","NoLif",NA,"Exp_XX","NoLif+NA"
"...128",-1.1889106539775,0.35326159020344,-0.770465509419533,-2.73062406729238,0.440531403518575,-0.621921833091492,-0.0718240194265703,"R3","XX","Pi3ki",NA,"Exp_XX","Pi3ki+NA"
"...129",-0.0216950710993184,-0.154964652127436,0.155525622381701,-1.59619896079199,-1.7616553331655,-0.161422066965017,0.129507800021427,"R4","XX","Activin","Bmp4ri","Exp_XX","Activin+Bmp4ri"
"...130",0.0424352663204011,0.569626402064953,0.00550017837708506,0.0667660519304329,0.72523240496146,0.0635355317244515,1.07578157074342,"R4","XX","Activin","Fgf4","Exp_XX","Activin+Fgf4"
"...131",0.162729500038113,-2.01575664815368,0.315521506580278,-1.50308955640051,-3.4103208876057,0.115596521284042,-0.26381591908202,"R4","XX","Activin","Fgfri","Exp_XX","Activin+Fgfri"
"...132",-0.279492828566966,-0.113865954694853,0.173227624115152,-1.89822749824165,-1.58853355069926,0.0307643370459591,0.963283224182869,"R4","XX","Activin","Gsk3i","Exp_XX","Activin+Gsk3i"
"...133",-0.11655425744076,-0.183028984133611,-0.107508783452098,-1.51819644879072,-1.17346187323712,0.226671769538965,0.78032375995684,"R4","XX","Activin","Igfri","Exp_XX","Activin+Igfri"
"...134",-0.123574685118533,-0.0774132395024787,0.11945636767418,-1.58025741692297,-1.6652673651512,-1.6782479879068,0.612087432786231,"R4","XX","Activin","Jaki","Exp_XX","Activin+Jaki"
"...135",0.0917629786839583,0.337130327089927,0.137603714384432,-0.620446507038667,-8.60005598081715,0.0147999002312126,0.873704088117658,"R4","XX","Activin","Meki","Exp_XX","Activin+Meki"
"...136",0.294977298336547,0.0636177308323806,0.2586191153458,-0.77516910183731,-1.43079004538394,0.0340349538754285,0.656962406107116,"R4","XX","Activin",NA,"Exp_XX","Activin+NA"
"...137",-0.970164770459236,-0.0961914049965847,-0.526112897751133,-2.66178730241957,-1.04503987007467,0.231061495677841,1.11589800456511,"R4","XX","Activin","Pi3ki","Exp_XX","Activin+Pi3ki"
"...138",-0.303208897540773,0.236723979519365,-0.0143993790606163,-0.730500052503582,0.378056772651172,-0.144778301926983,-0.14538089718704,"R4","XX","Bmp4ri","Gsk3i","Exp_XX","Bmp4ri+Gsk3i"
"...139",-0.287354946339936,-0.162162469627642,0.0444943099929472,-1.53346320544403,-1.94896052340091,-0.471989030134522,0.174129509481688,"R4","XX","Bmp4ri",NA,"Exp_XX","Bmp4ri+NA"
"...140",-0.173698164544368,0.0958976568134053,0.216555055779261,-1.14553755178243,-0.829625640536777,-0.0524868118874766,-0.94102052071051,"R4","XX","Fgf4","Bmp4ri","Exp_XX","Fgf4+Bmp4ri"
"...141",-0.393663848486277,-1.43500639871944,-0.150901378965478,-1.23007106199409,-3.21388583128301,-0.142087630139294,-0.158383675627862,"R4","XX","Fgf4","Fgfri","Exp_XX","Fgf4+Fgfri"
"...142",-0.623145694609043,0.0102948910829748,0.0636031329406583,-2.04365793776321,0.186995601166926,-0.0749887670538983,-0.171334331115197,"R4","XX","Fgf4","Gsk3i","Exp_XX","Fgf4+Gsk3i"
"...143",-0.248465932946342,0.0423629093722146,-0.265461143228333,-1.45869543704206,-0.597356367733913,0.351943891321197,-0.182749499488383,"R4","XX","Fgf4","Igfri","Exp_XX","Fgf4+Igfri"
"...144",-0.613230225743962,0.109844334026923,-0.0143993790606163,-1.47334221300646,-0.771561885094833,-1.73517785675743,-0.200823830454233,"R4","XX","Fgf4","Jaki","Exp_XX","Fgf4+Jaki"
"...145",0.115808452650617,0.319735274612953,0.137603714384432,-0.488139214934538,-8.79630998705101,-0.185963559931168,0.0227881849485074,"R4","XX","Fgf4","Meki","Exp_XX","Fgf4+Meki"
"...146",-0.0415035521794995,0.211614415148076,0.275107238134374,-0.784271308944562,-0.84240347127408,-0.0528908890841266,-0.0843953779874872,"R4","XX","Fgf4",NA,"Exp_XX","Fgf4+NA"
"...147",-0.932690065040575,0.187156765242537,-0.629735528825292,-2.59619896079199,-0.357060078106481,0.147262010345819,-0.197699906504008,"R4","XX","Fgf4","Pi3ki","Exp_XX","Fgf4+Pi3ki"
"...148",-0.233199176293031,-1.38851738084424,-0.313959660919523,-1.15731471955878,-1.76933811032917,0.271312458408573,-0.668869234047516,"R4","XX","Fgfri","Igfri","Exp_XX","Fgfri+Igfri"
"...149",-0.195724470874368,-1.72357589666037,0.241940374199164,-1.66178730241957,-3.41653305508641,0.036683276641059,0.242244900678622,"R4","XX","Fgfri",NA,"Exp_XX","Fgfri+NA"
"...150",-1.23319917629303,-0.662046545689202,-0.629735528825292,-3.00058921587133,-1.4728808195917,0.0411453021559113,-0.55110857745737,"R4","XX","Fgfri","Pi3ki","Exp_XX","Fgfri+Pi3ki"
"...151",-0.825774861124062,-0.0708435786011441,-0.0244530437245396,-2.38761233898057,-0.758097327676414,0.00609512307635414,-0.180069734649747,"R4","XX","Gsk3i",NA,"Exp_XX","Gsk3i+NA"
"...152",-0.555127271180394,-0.746426835788411,-0.416140055726001,-2.25516204295692,-1.37390439619586,-0.00982872303581223,-0.369511844910539,"R4","XX","Igfri",NA,"Exp_XX","Igfri+NA"
"...153",-0.279492828566966,-0.0174400731298574,-0.139930261144475,-1.18116146151315,-0.330071626589957,-2.17813481621072,-0.647359797955049,"R4","XX","Jaki","Bmp4ri","Exp_XX","Jaki+Bmp4ri"
"...154",-0.715591943373639,0.344193920677698,0.0444943099929472,-1.71301262577474,-0.305518391294886,-2.18824881184596,-0.0555127736196939,"R4","XX","Jaki","Gsk3i","Exp_XX","Jaki+Gsk3i"
"...155",-0.481126689736617,0.00967513233889945,0.0540803588221555,-2.04365793776321,-1.38685997290142,-2.02563943467839,-0.118811589519183,"R4","XX","Jaki",NA,"Exp_XX","Jaki+NA"
"...156",-0.0282677250228054,0.297226826964368,-0.161956567474473,-0.466000237665289,-6.87722575820374,-0.138926892801292,0.499610530873816,"R4","XX","Meki","Igfri","Exp_XX","Meki+Igfri"
"...157",0.0171241777912052,0.459872807857302,0.16440377372815,-1.36013160255847,-6.46455292113249,0.0777390377639521,-0.133736345270718,"R4","XX","Meki",NA,"Exp_XX","Meki+NA"
"...158",-1.10261506648289,0.554975335398177,-0.862396285615565,-2.66178730241957,-6.12279463642158,-0.240178189472042,0.185529803177104,"R4","XX","Meki","Pi3ki","Exp_XX","Meki+Pi3ki"
"...159",-0.0216950710993184,-0.0403606882717745,0.110296368388695,-1.00058921587133,-1.08161479553494,-1.23825365913792,0.137678427816978,"R4","XX","NoLif",NA,"Exp_XX","NoLif+NA"
"...160",-1.42801535327705,0.0510229321308414,-0.7413808846542,-2.9587690401767,-0.74042751273734,0.102729963247703,-0.19793926623133,"R4","XX","Pi3ki",NA,"Exp_XX","Pi3ki+NA"
"...161",0.158094377431118,0.333505129253483,0.294682776471132,NA,-1.30125105796979,-0.216164182043473,0.127720486031474,"R5","XX","Activin","Bmp4ri","Exp_XX","Activin+Bmp4ri"
"...162",0.549442931854448,1.12674116692353,-0.263312676649757,NA,0.91483805417444,-0.335199281687849,1.00088046542655,"R5","XX","Activin","Fgf4","Exp_XX","Activin+Fgf4"
"...163",-0.739707244315649,-1.74955563475641,-0.123382415505282,NA,-3.42253878741281,-0.381828133269677,0.525155480349656,"R5","XX","Activin","Fgfri","Exp_XX","Activin+Fgfri"
"...164",-1.492880604669,-0.12584170725815,-0.102320799977453,NA,-1.92720851817573,-0.274658808714024,0.622559280746411,"R5","XX","Activin","Gsk3i","Exp_XX","Activin+Gsk3i"
"...165",-0.780797340337297,-0.169390927086497,-0.29710099010604,NA,-0.914479056709843,0.327464540086844,1.10134940101836,"R5","XX","Activin","Igfri","Exp_XX","Activin+Igfri"
"...166",-1.11691267006875,-0.117472843720994,-0.204418987596189,NA,-1.65851844299853,-1.65740669453989,0.888136027458008,"R5","XX","Activin","Jaki","Exp_XX","Activin+Jaki"
"...167",-0.998044863448045,0.438772148071199,-0.147835459229822,NA,-7.93127590802813,-0.278479958876694,0.435605805025811,"R5","XX","Activin","Meki","Exp_XX","Activin+Meki"
"...168",-0.235363203802777,0.248287332635103,0.213021001897957,NA,-0.781501208486208,-0.413762568239908,0.527993084110179,"R5","XX","Activin",NA,"Exp_XX","Activin+NA"
"...169",-1.97171475452882,0.0454297198916735,-0.914912370401203,NA,-0.402451212838504,0.073963733855992,0.905391308780494,"R5","XX","Activin","Pi3ki","Exp_XX","Activin+Pi3ki"
"...170",-0.0858496623834257,0.905522463651189,0.0124669574337143,NA,0.391690337161544,-0.438218450566358,-0.377615618586934,"R5","XX","Bmp4ri","Gsk3i","Exp_XX","Bmp4ri+Gsk3i"
"...171",-0.306167158810376,0.0618990202132262,0.00416763421522357,NA,-1.47002951637202,-0.097280532555611,-0.125832233202729,"R5","XX","Bmp4ri",NA,"Exp_XX","Bmp4ri+NA"
"...172",-0.0224778682107049,0.346335172049337,0.1033333385268,NA,-0.85173789079195,-0.314475135850054,-0.903424359030176,"R5","XX","Fgf4","Bmp4ri","Exp_XX","Fgf4+Bmp4ri"
"...173",-0.392904480789258,-2.48269444938211,-0.147835459229822,NA,-3.75555679507575,-0.0431538462716161,-0.627645235921708,"R5","XX","Fgf4","Fgfri","Exp_XX","Fgf4+Fgfri"
"...174",-1.5150763507832,-0.126774584782337,-0.0874628412503399,NA,-0.274576301043214,-0.238404603054142,-0.1307359873922,"R5","XX","Fgf4","Gsk3i","Exp_XX","Fgf4+Gsk3i"
"...175",-1.16523711741213,-0.897731948660951,-0.673904270897409,NA,-0.743760458808787,0.0278770497050853,0.35235869251078,"R5","XX","Fgf4","Igfri","Exp_XX","Fgf4+Igfri"
"...176",-0.366432269428067,0.139987717288213,-0.185310164648484,NA,NA,NA,NA,"R5","XX","Fgf4","Jaki","Exp_XX","Fgf4+Jaki"
"...177",-0.348385814010612,0.286628925925069,-0.0437855890076986,NA,-6.6078474806279,0.0941422111301803,-0.266180867621358,"R5","XX","Fgf4","Meki","Exp_XX","Fgf4+Meki"
"...178",-0.0833601103577265,-0.153143113291719,0.126458064018661,NA,-0.984574163621975,-0.280383754561532,0.339403465222388,"R5","XX","Fgf4",NA,"Exp_XX","Fgf4+NA"
"...179",-2.0216832138029,0.16459718463221,-1.10531084258326,NA,-0.899970250017055,-1.16042444198998,-0.605291988917764,"R5","XX","Fgf4","Pi3ki","Exp_XX","Fgf4+Pi3ki"
"...180",-1.22252285802935,-1.89455070141627,-0.888917161868259,NA,-2.56397104853779,-0.95912692057869,-0.499861579189748,"R5","XX","Fgfri","Igfri","Exp_XX","Fgfri+Igfri"
"...181",-0.435661854288609,-1.62834204778733,0.118790933267005,NA,-3.17305399165724,0.373219623579306,0.531372066813483,"R5","XX","Fgfri",NA,"Exp_XX","Fgfri+NA"
"...182",-1.59793328318749,-1.3635471840891,-0.952110988355454,NA,-2.62282938001793,-1.46972281588448,-0.0809711711503586,"R5","XX","Fgfri","Pi3ki","Exp_XX","Fgfri+Pi3ki"
"...183",-1.24460535610763,-0.00427972737723625,0.108504294029966,NA,-1.3817079869342,0.127042994772014,0.0844041207392114,"R5","XX","Gsk3i",NA,"Exp_XX","Gsk3i+NA"
"...184",-0.641217380916285,-0.493483245292961,-0.220538652959465,NA,-1.4999240371724,-0.0606319385604596,-0.369023094339281,"R5","XX","Igfri",NA,"Exp_XX","Igfri+NA"
"...185",-0.471021170705267,1.27183914745863,0.356839252533703,NA,-0.0402411823720925,-1.5459620601455,-0.361860857671927,"R5","XX","Jaki","Bmp4ri","Exp_XX","Jaki+Bmp4ri"
"...186",-1.07509249437413,0.704116714592199,-0.356422081041239,NA,-0.0700660608977366,-1.73537821649039,0.184344093117572,"R5","XX","Jaki","Gsk3i","Exp_XX","Jaki+Gsk3i"
"...187",-0.752834678301261,0.142312770234452,-0.02667833273753,NA,-1.46437804620705,-1.72417268191894,0.0177303327939538,"R5","XX","Jaki",NA,"Exp_XX","Jaki+NA"
"...188",-0.967117740418722,0.19403326024346,-0.770272665369639,NA,-5.55160142387241,-0.393023650736062,-0.229212471329345,"R5","XX","Meki","Igfri","Exp_XX","Meki+Igfri"
"...189",0.00897177041434929,0.579825302269117,0.0612846050135964,NA,-4.44151322994527,0.32259287440961,0.236591533938949,"R5","XX","Meki",NA,"Exp_XX","Meki+NA"
"...190",-1.8709517775939,0.612615237386787,-1.3247132213139,NA,-6.99606378092793,-0.173263003354639,0.53605746632103,"R5","XX","Meki","Pi3ki","Exp_XX","Meki+Pi3ki"
"...191",-0.409439848515557,-0.270918941542431,-0.0581982467451444,NA,-0.685271549662099,-1.34789687654606,-0.235804766407512,"R5","XX","NoLif",NA,"Exp_XX","NoLif+NA"
"...192",-1.54902368270654,0.0651704389412849,-0.742075773538989,NA,-0.858897766506925,-0.183674758397752,-0.207715512911096,"R5","XX","Pi3ki",NA,"Exp_XX","Pi3ki+NA"
"...193",-0.176059118788613,-1.31380936192046,-0.120093845490305,-0.423449739095044,-2.92129333509289,-0.245265434798828,-0.367561263138932,"R3","XO","Fgfri","Bmp4ri","Exp_XO","Fgfri+Bmp4ri"
"...194",-0.757833341878722,-0.0666490354350679,-0.565504993812668,-1.67137725253863,-1.31262796976857,-0.0548687985309287,-1.36157916558674,"R3","XO","Igfri","Bmp4ri","Exp_XO","Igfri+Bmp4ri"
"...195",0.127883230625381,2.90389136409127,-0.0540046550325335,0.570208734031126,-2.88505779890727,-0.383954640479871,-0.206669036112862,"R3","XO","Meki","Bmp4ri","Exp_XO","Meki+Bmp4ri"
"...196",-1.78678471557485,-0.161806268475409,-0.990810828545339,-2.08641475181747,-1.1867982793342,-0.137953733519318,-1.50063174639116,"R3","XO","Pi3ki","Bmp4ri","Exp_XO","Pi3ki+Bmp4ri"
"...197",-0.866955064258835,-1.14875011564996,-0.365206343326838,-0.780606322293387,-3.47546278627477,-0.439988564280051,0.0531308739144661,"R3","XO","Fgfri","Gsk3i","Exp_XO","Fgfri+Gsk3i"
"...198",-1.15074803025943,-0.0544227331018091,-0.649773910710272,-1.79690813462249,0.123190696529848,-0.611084230192893,-0.0988869530949941,"R3","XO","Igfri","Gsk3i","Exp_XO","Igfri+Gsk3i"
"...199",-0.520504650237402,3.42969907811253,-0.304176909929277,-0.337476515985191,-1.69946433417305,-0.265777884123562,-0.251100327597722,"R3","XO","Meki","Gsk3i","Exp_XO","Meki+Gsk3i"
"...200",-1.86695506425883,-0.103962193903125,-0.977135891648264,-2.0084122398162,0.588074382098453,-0.574818112601152,-0.00488550855154009,"R3","XO","Pi3ki","Gsk3i","Exp_XO","Pi3ki+Gsk3i"
"...201",-1.15074803025943,-1.24272626385898,-0.682688533183007,-0.748545113061089,-4.28569105380184,-1.51842709703435,-0.499058916705732,"R3","XO","Fgfri","Jaki","Exp_XO","Fgfri+Jaki"
"...202",-1.22805375642687,-0.135811059942464,-0.798165750602943,-1.64162990914458,-0.0457825441418212,-0.775530702374508,-0.0657413672057371,"R3","XO","Igfri","Jaki","Exp_XO","Igfri+Jaki"
"...203",-0.561609853567077,2.77279600825508,-0.44766850351881,-0.158307670299259,-2.52402269802765,-1.6085026097951,-0.250994303478885,"R3","XO","Meki","Jaki","Exp_XO","Meki+Jaki"
"...204",-2.38152823708859,-0.129384790783032,-1.33001691486454,-1.8987877486417,-0.269167176007832,-1.18788171091667,-0.0493133682756781,"R3","XO","Pi3ki","Jaki","Exp_XO","Pi3ki+Jaki"
"...205",-0.132051936549521,-0.0243027447254738,0.0364106401896849,-0.0275210627639043,-0.684013139065499,-1.09169875438281,1.24554772808222,"R3","XO","Activin","NoLif","Exp_XO","Activin+NoLif"
"...206",-0.018958157703884,-0.306541361456419,0.0893595201386374,-0.179524156208954,-2.02781846416134,-1.29234061132909,-0.804567627040151,"R3","XO","Bmp4ri","NoLif","Exp_XO","Bmp4ri+NoLif"
"...207",-0.119721134638801,0.984611980082275,-0.00461662807037037,-0.686484144928839,0.505217145663732,-4.3711052026926,0.11957127487768,"R3","XO","Fgf4","NoLif","Exp_XO","Fgf4+NoLif"
"...208",-0.268317626640601,-1.17498165722314,-0.221240568947205,-0.488155428482859,-3.44105381983677,-1.36529426527249,-0.234186414551769,"R3","XO","Fgfri","NoLif","Exp_XO","Fgfri+NoLif"
"...209",-0.638686076585718,-0.427466143716026,-0.205210459128257,-0.952559005082682,-1.61443109945656,-1.27099605531348,-0.291290211072449,"R3","XO","Gsk3i","NoLif","Exp_XO","Gsk3i+NoLif"
"...210",-0.352381891429076,-0.0789798373457881,-0.525147256196528,-0.970937534397538,-1.36038258001398,-0.999403118887343,-0.351860046511793,"R3","XO","Igfri","NoLif","Exp_XO","Igfri+NoLif"
"...211",-0.710835862341553,-0.161806268475409,-0.321352053737411,-0.423449739095044,-1.77480274619494,-2.01715314579595,-0.336807702616222,"R3","XO","Jaki","NoLif","Exp_XO","Jaki+NoLif"
"...212",0.198518773218446,3.1383174560936,-0.0326310042399663,0.178288474376941,-4.2515144528566,-1.52072426872348,0.0367745124071956,"R3","XO","Meki","NoLif","Exp_XO","Meki+NoLif"
"...213",-1.39632523901667,0.0226183026620247,-0.923696632686802,-1.97093753439754,-1.12083362840868,-1.02716572489506,0.0218342677795942,"R3","XO","Pi3ki","NoLif","Exp_XO","Pi3ki+NoLif"
"...214",-0.345286390836424,-1.26918663281539,-0.212707956265642,NA,-2.84911877783697,-0.459149524548211,-0.627260712517375,"R4","XO","Fgfri","Bmp4ri","Exp_XO","Fgfri+Bmp4ri"
"...215",-0.397281028474685,-0.0627357553479631,-0.189056688200996,NA,0.0923631020446529,-0.207998802302234,0.0514444182537717,"R4","XO","Igfri","Bmp4ri","Exp_XO","Igfri+Bmp4ri"
"...216",0.218238939222437,3.58879436231218,-0.0981481920027862,NA,-2.77284745702948,-0.676065962810316,-0.832344431223134,"R4","XO","Meki","Bmp4ri","Exp_XO","Meki+Bmp4ri"
"...217",-1.14309754022316,-0.053149706518764,-0.655837762573838,NA,0.358388342293507,-0.179642158178113,-0.460161044035172,"R4","XO","Pi3ki","Bmp4ri","Exp_XO","Pi3ki+Bmp4ri"
"...218",-0.673612256921937,-0.882163509706141,-0.459145851568741,NA,-2.91399542556262,-0.360274670786198,-0.1823746043532,"R4","XO","Fgfri","Gsk3i","Exp_XO","Fgfri+Gsk3i"
"...219",-0.610876501573975,-0.0247679051489427,-0.248928144178396,NA,-0.270618939582943,-0.609995028301013,0.0937222576536819,"R4","XO","Igfri","Gsk3i","Exp_XO","Igfri+Gsk3i"
"...220",-0.188185429751697,4.10237222979658,-0.337155327190132,NA,-2.39943769360929,-0.168600118148527,-0.0172488915928403,"R4","XO","Meki","Gsk3i","Exp_XO","Meki+Gsk3i"
"...221",-1.1881854297517,0.184178985122558,-0.592412382432205,NA,0.498044466003054,-0.657134342954818,-0.0602327836860816,"R4","XO","Pi3ki","Gsk3i","Exp_XO","Pi3ki+Gsk3i"
"...222",-1.14309754022316,-1.12162944440153,-0.655837762573838,NA,-4.06368357817492,-2.12666002055425,-0.145393655005531,"R4","XO","Fgfri","Jaki","Exp_XO","Fgfri+Jaki"
"...223",-0.825615350366987,0.0122263023332559,-0.531658351353109,NA,-0.217768950388915,-2.59210857227028,-0.609671986978066,"R4","XO","Igfri","Jaki","Exp_XO","Igfri+Jaki"
"...224",-0.706033734614316,3.2687783883686,-0.688627697691509,NA,-2.79559298899409,-2.38411616143851,-0.13643418928401,"R4","XO","Meki","Jaki","Exp_XO","Meki+Jaki"
"...225",-1.30748435812404,-0.0154300405696054,-0.0230467367620673,NA,0.000651226984942726,-3.02150560867031,-0.53019421453183,"R4","XO","Pi3ki","Jaki","Exp_XO","Pi3ki+Jaki"
"...226",0.277478142597113,0.609312362136908,-0.248928144178396,NA,2.05188809755329,-1.26574436665157,0.92121326642504,"R4","XO","Activin","NoLif","Exp_XO","Activin+NoLif"
"...227",-0.165465353251613,-0.497138579493738,-0.0230467367620673,NA,-2.92146530649367,-1.50513969667128,-0.958065373400406,"R4","XO","Bmp4ri","NoLif","Exp_XO","Bmp4ri+NoLif"
"...228",0.147417602032749,0.553935605100533,0.00798015885855764,NA,1.69549485527009,-1.45218900287806,0.103252158836967,"R4","XO","Fgf4","NoLif","Exp_XO","Fgf4+NoLif"
"...229",-0.437544898688413,-1.29155444584384,-0.298681179375496,NA,-3.97553770683344,-1.41391237212817,0.240938795203356,"R4","XO","Fgfri","NoLif","Exp_XO","Fgfri+NoLif"
"...230",-0.861684605074509,-0.433573450716271,-0.390104207139091,NA,-1.28138480398641,-1.61164124639277,-0.264448422638436,"R4","XO","Gsk3i","NoLif","Exp_XO","Gsk3i+NoLif"
"...231",-0.610876501573975,-0.258131444306394,-0.688627697691509,NA,-1.38860197607265,-1.44963448054917,0.0172487162868057,"R4","XO","Igfri","NoLif","Exp_XO","Igfri+NoLif"
"...232",-0.917537839808028,-0.0341666031511919,0.368274693542968,NA,-1.85273993518795,-1.94303040424451,-0.735235896654952,"R4","XO","Jaki","NoLif","Exp_XO","Jaki+NoLif"
"...233",0.0919224894410385,3.69072615871444,0.106833545784839,NA,-4.58426391001012,-0.741614369771741,0.0948151156578918,"R4","XO","Meki","NoLif","Exp_XO","Meki+NoLif"
"...234",-1.52160916347689,-0.131683109065455,-0.298681179375496,NA,-1.53913661048897,-1.96154255501175,-0.222057121590711,"R4","XO","Pi3ki","NoLif","Exp_XO","Pi3ki+NoLif"
"...235",-0.772547861066436,-0.54648835290652,-0.124202870248851,0.13606154957603,-2.61161005682696,0.253760863520724,-0.523617034651701,"R5","XO","Fgfri","Bmp4ri","Exp_XO","Fgfri+Bmp4ri"
"...236",-0.453696240598767,-0.107915339166887,-0.318799734339071,-0.0815298854965984,NA,NA,NA,"R5","XO","Igfri","Bmp4ri","Exp_XO","Igfri+Bmp4ri"
"...237",-0.390756638671614,1.77163817182098,0.0391333140037821,0.273565073325965,-3.07197093038346,-0.0120203999886665,-0.29686237287043,"R5","XO","Meki","Bmp4ri","Exp_XO","Meki+Bmp4ri"
"...238",-2.30059853781373,-0.318682435383708,-1.12876115221116,-0.048363021561399,-0.466606349224389,-0.108596366254914,-0.376665226500788,"R5","XO","Pi3ki","Bmp4ri","Exp_XO","Pi3ki+Bmp4ri"
"...239",-1.50383354616029,-0.472487771462743,-0.37725946488707,0.106915203916516,-2.23950421843909,-0.440004583383676,-0.33886131634626,"R5","XO","Fgfri","Gsk3i","Exp_XO","Fgfri+Gsk3i"
"...240",-1.04002817193142,0.0257630960650846,-0.537724137080316,-0.0815298854965984,-1.36890661145022,-0.832833793083327,-0.648544452888056,"R5","XO","Igfri","Gsk3i","Exp_XO","Igfri+Gsk3i"
"...241",-0.901030788311135,1.72522038649311,-0.198922223628557,0.325095373966042,-3.22545275636087,-0.38787055364933,-0.175485177746651,"R5","XO","Meki","Gsk3i","Exp_XO","Meki+Gsk3i"
"...242",-2.38683093545782,0.03847414781464,-0.940688804058584,0.0771678605224533,NA,NA,NA,"R5","XO","Pi3ki","Gsk3i","Exp_XO","Pi3ki+Gsk3i"
"...243",-1.72056833263481,-0.509013647487857,-0.599651886223518,-0.0159415438690215,-3.44077518950588,-2.26521023337615,-0.975263396820731,"R5","XO","Fgfri","Jaki","Exp_XO","Fgfri+Jaki"
"...244",-1.15105948432016,0.260866569151086,-0.704621445825059,-0.0815298854965984,-0.313840301823004,-1.70169746908836,-1.10591638193973,"R5","XO","Igfri","Jaki","Exp_XO","Igfri+Jaki"
"...245",-1.1378033876179,1.42475265411205,-0.287883657556375,0.220125814364497,NA,NA,NA,"R5","XO","Meki","Jaki","Exp_XO","Meki+Jaki"
"...246",-2.52381183828521,-0.255257055242074,-1.03166246410608,0.0157673158583153,-0.637262411320347,-1.65408835112979,-0.841328973871321,"R5","XO","Pi3ki","Jaki","Exp_XO","Pi3ki+Jaki"
"...247",0.0659325529288426,-0.402098443571345,0.055298133434796,0.192645077942392,1.68824393168473,-0.217492541989579,1.46878854640356,"R5","XO","Activin","NoLif","Exp_XO","Activin+NoLif"
"...248",-0.764036361210919,-0.302562770020431,0.055298133434796,0.164630701772798,-0.979135074663139,-2.13425907696505,0.0905314365223277,"R5","XO","Bmp4ri","NoLif","Exp_XO","Bmp4ri+NoLif"
"...249",-0.683178086721534,0.0257630960650846,-0.223088534759308,0.374848409163149,0.543708780950732,-1.86945459553596,-0.0875783187188665,"R5","XO","Fgf4","NoLif","Exp_XO","Fgf4+NoLif"
"...250",-1.18929370280764,-0.318682435383708,-0.449548325693949,0.220125814364497,-4.2969777129569,-0.957818641838045,0.132097711232196,"R5","XO","Fgfri","NoLif","Exp_XO","Fgfri+NoLif"
"...251",-1.2569506529109,-0.194503024162978,-0.184614386944674,0.164630701772798,-0.192708879443808,-2.03448241223598,-0.034085449959784,"R5","XO","Gsk3i","NoLif","Exp_XO","Gsk3i+NoLif"
"...252",-1.07750287735008,-0.334984247712808,-0.605993413097343,0.192645077942392,-0.288002565785713,-1.5611953775411,-0.272369145026115,"R5","XO","Igfri","NoLif","Exp_XO","Igfri+NoLif"
"...253",-1.57947601340021,-0.302562770020431,-0.443857213616092,-0.048363021561399,-2.45368235048537,-2.60789226653776,-0.564769341222339,"R5","XO","Jaki","NoLif","Exp_XO","Jaki+NoLif"
"...254",-1.20764301268653,0.673189683732887,-0.507729396782478,0.220125814364497,-3.57909782727451,-1.12671345950401,-0.183054806997479,"R5","XO","Meki","NoLif","Exp_XO","Meki+NoLif"
"...255",-2.66880690494506,-0.509013647487857,-1.02315096425056,0.0157673158583153,-1.96654249722347,-1.53577610651576,-0.151887769118137,"R5","XO","Pi3ki","NoLif","Exp_XO","Pi3ki+NoLif"
"...256",-0.31539918298726,-0.319875355416034,0.0309888111983832,-0.828804461231284,-2.73648298488941,-0.413625653532377,0.0265400795861268,"R3","XX","Fgfri","Bmp4ri","Exp_XX","Fgfri+Bmp4ri"
"...257",-0.447738948841087,-0.167224180094542,-0.190090278194029,-1.849268563791,-0.912527366447255,-0.442197069252372,-0.550777269062541,"R3","XX","Igfri","Bmp4ri","Exp_XX","Igfri+Bmp4ri"
"...258",0.212903150145181,0.815646768077473,0.00714206924402328,-0.250631126172767,-6.56765883830501,-0.148820323650127,0.0879291415644018,"R3","XX","Meki","Bmp4ri","Exp_XX","Meki+Bmp4ri"
"...259",-1.34442823159879,0.0499939953683839,-0.770465509419533,-2.62099957611788,-1.43292641739348,-0.306015417302976,-0.92721636763666,"R3","XX","Pi3ki","Bmp4ri","Exp_XX","Pi3ki+Bmp4ri"
"...260",-0.747783925829998,-0.52248188559407,-0.083831590803471,-1.67477083255886,-3.84189096292285,-0.181580583540601,-0.188435778327601,"R3","XX","Fgfri","Gsk3i","Exp_XX","Fgfri+Gsk3i"
"...261",-0.956025858823413,-0.224078312050629,-0.376186570307486,-2.33469539096124,-0.666546339777185,-0.24157606101974,-0.262637558145671,"R3","XX","Igfri","Gsk3i","Exp_XX","Igfri+Gsk3i"
"...262",-0.321158452275944,0.941148144480012,-0.0668585121997573,-1.01276729607388,-6.14826068110393,0.203173245262038,0.026906532877725,"R3","XX","Meki","Gsk3i","Exp_XX","Meki+Gsk3i"
"...263",-1.70198023621687,0.299420347086735,-0.651821012920912,-2.58623415795721,-0.394171001241487,-0.281535891534167,-0.368095614461259,"R3","XX","Pi3ki","Gsk3i","Exp_XX","Pi3ki+Gsk3i"
"...264",-0.974059781653676,-0.685300458751252,-0.386678944125128,-1.34919496065636,-4.34577600042386,-1.51214121276878,0.151886947515937,"R3","XX","Fgfri","Jaki","Exp_XX","Fgfri+Jaki"
"...265",-0.843999241089303,-0.051406088753803,-0.451288025548204,-1.91246239027819,-0.400152648004258,-1.39300178975693,0.0274753485850475,"R3","XX","Igfri","Jaki","Exp_XX","Igfri+Jaki"
"...266",-0.404299687576189,0.506321275652643,-0.135982872854578,-0.788727021855947,-8.01243876368731,-1.39033931599877,-0.147736368435487,"R3","XX","Meki","Jaki","Exp_XX","Meki+Jaki"
"...267",-2.00154051807578,-0.0226343499718206,-0.930122175408017,-2.69314936187372,-0.582356019156396,-1.52814087857036,0.0908750444158028,"R3","XX","Pi3ki","Jaki","Exp_XX","Pi3ki+Jaki"
"...268",0.0750010367972063,0.0160896598748998,-0.0923936043068943,0.396487850610965,-0.339371962131231,-0.994421663987063,0.243258410209985,"R3","XX","Activin","NoLif","Exp_XX","Activin+NoLif"
"...269",-0.0921858825157825,0.266814717108839,-0.0252794084483572,-0.139347792639021,-0.832388981471704,-1.59513595886505,-0.528978038034028,"R3","XX","Bmp4ri","NoLif","Exp_XX","Bmp4ri+NoLif"
"...270",0.0967615555360264,0.179448990344774,-0.000895249821398631,0.269375932707615,-0.0252905723158422,-1.59309589142076,-0.766787032608661,"R3","XX","Fgf4","NoLif","Exp_XX","Fgf4+NoLif"
"...271",-0.194185596018178,-0.20240496943159,-0.135982872854578,-0.880519497775438,-1.68824497191518,-1.43098531599912,0.961665188103817,"R3","XX","Fgfri","NoLif","Exp_XX","Fgfri+NoLif"
"...272",-0.435193695521972,0.323690399223008,-0.0753200909479527,-0.711765040041063,-0.976996352134881,-1.85733032005419,-0.545019076126775,"R3","XX","Gsk3i","NoLif","Exp_XX","Gsk3i+NoLif"
"...273",-0.30394916224372,0.350657446823273,-0.376186570307486,-1.30612623876447,-0.138456436476672,-1.09589620223434,-0.500541373520743,"R3","XX","Igfri","NoLif","Exp_XX","Igfri+NoLif"
"...274",-0.505583023413371,0.369431845127994,-0.162782932198292,-0.740146841410887,-0.94807911054962,-1.74347666183675,-0.692848522299357,"R3","XX","Jaki","NoLif","Exp_XX","Jaki+NoLif"
"...275",0.204910359391649,0.902331846184771,0.0309888111983832,-0.00127165723604783,-5.819264847776,-1.78649984294226,-0.222340282997964,"R3","XX","Meki","NoLif","Exp_XX","Meki+NoLif"
"...276",-0.701980236216875,0.418593343169876,-0.589893263777711,-2.58623415795721,-0.0693939612346652,-1.32733602787247,0.0124275074625567,"R3","XX","Pi3ki","NoLif","Exp_XX","Pi3ki+NoLif"
"...277",-0.240812360402906,-1.14411987224576,0.16440377372815,-1.28069713506406,-2.7459162602831,0.0685736258341013,-0.390618156975355,"R4","XX","Fgfri","Bmp4ri","Exp_XX","Fgfri+Bmp4ri"
"...278",-0.555127271180394,-0.224474132593053,-0.301681331141088,-1.89822749824165,-0.843576784469747,-0.0460671384730689,-0.834310557738315,"R4","XX","Igfri","Bmp4ri","Exp_XX","Igfri+Bmp4ri"
"...279",0.174225138875933,0.428221082770347,0.146592497611683,-0.353342436895827,-8.24699475483068,-0.32940507124097,0.450684001507578,"R4","XX","Meki","Bmp4ri","Exp_XX","Meki+Bmp4ri"
"...280",-1.24846593294634,0.229644990630879,-0.676529740304232,-2.87859869149271,-0.357355844859623,-0.157210489128696,-0.720294165626099,"R4","XX","Pi3ki","Bmp4ri","Exp_XX","Pi3ki+Bmp4ri"
"...281",-0.593601418995029,-1.5442165094682,0.0251289851260239,-2.00058921587133,-3.15454958388407,0.184000600277732,-1.01844679073445,"R4","XX","Fgfri","Gsk3i","Exp_XX","Fgfri+Gsk3i"
"...282",-0.957564733679604,0.0478066676450574,-0.540468190728203,-2.44419586734694,-0.184242317522629,-0.0144339749016712,-0.126726187437114,"R4","XX","Igfri","Gsk3i","Exp_XX","Igfri+Gsk3i"
"...283",-0.263895973515948,0.317566936667164,0.181997833742894,-1.26787309470648,-8.19044555301858,-0.179554712723989,-0.487248270417301,"R4","XX","Meki","Gsk3i","Exp_XX","Meki+Gsk3i"
"...284",-1.51765256576173,0.0576339186833716,-0.660762424445915,-3.00058921587133,0.153182717020507,-0.264417425933211,0.0562206555214572,"R4","XX","Pi3ki","Gsk3i","Exp_XX","Pi3ki+Gsk3i"
"...285",-0.555127271180394,-1.71877491039655,-0.0757999237247587,-1.40155152993845,-3.4520196040166,-1.50642939606316,-0.62778919413094,"R4","XX","Fgfri","Jaki","Exp_XX","Fgfri+Jaki"
"...286",-0.970164770459236,0.0257029589446805,-0.5844115383158,-2.11077213362175,-0.458033504144804,-1.92488188095071,0.0350872821683353,"R4","XX","Igfri","Jaki","Exp_XX","Igfri+Jaki"
"...287",0.156947147444105,0.450160718731963,0.331375457781109,0.131116463340494,-6.48455149429069,-1.98501619163653,-0.174839992280821,"R4","XX","Meki","Jaki","Exp_XX","Meki+Jaki"
"...288",-1.75866066526553,0.0749190484770022,-0.917537839808028,-2.91812705567936,0.476074555672051,-1.6930768619152,0.35266643875962,"R4","XX","Pi3ki","Jaki","Exp_XX","Pi3ki+Jaki"
"...289",0.202569764569904,0.180931139210236,-0.0447730281041346,1.0282919041158,-0.318984509855646,-1.63461269450315,0.0893594987095601,"R4","XX","Activin","NoLif","Exp_XX","Activin+NoLif"
"...290",-0.173698164544368,0.10250039163765,0.128558574781429,-1.29363619077156,-0.31570059200581,-1.17351531164076,-0.557573699949132,"R4","XX","Bmp4ri","NoLif","Exp_XX","Bmp4ri+NoLif"
"...291",0.0917629786839583,0.200795503997805,-0.107508783452098,0.544943140021295,0.172676803103103,-1.75195867692147,0.0168622858308778,"R4","XX","Fgf4","NoLif","Exp_XX","Fgf4+NoLif"
"...292",-0.376790029921881,-2.7796099315747,-0.0653833077794215,-2.04365793776321,-3.62433863474789,-0.976621840586471,0.0128531590529976,"R4","XX","Fgfri","NoLif","Exp_XX","Fgfri+NoLif"
"...293",-0.705022701663453,-0.0442164456872736,-0.0244530437245396,-2.08805205712167,-0.543275959523879,-0.849587561539645,-0.534126099160368,"R4","XX","Gsk3i","NoLif","Exp_XX","Gsk3i+NoLif"
"...294",-0.319239007359722,-0.241342232542492,-0.207044457003011,-1.50308955640051,-0.449447384377713,-0.688437218929958,-0.336932303035797,"R4","XX","Igfri","NoLif","Exp_XX","Igfri+NoLif"
"...295",-0.574236094128098,0.157622570262978,-0.0862922975424014,-1.59619896079199,-0.332032926322718,-1.20852276869366,-0.447943505990192,"R4","XX","Jaki","NoLif","Exp_XX","Jaki+NoLif"
"...296",0.252227650877207,0.219139667147721,0.137603714384432,-1.41562671515017,-5.41873727514658,-1.59056050135271,-0.482332487800875,"R4","XX","Meki","NoLif","Exp_XX","Meki+NoLif"
"...297",-1.20314194243685,0.111385675029193,-0.569614536387721,-2.91812705567936,-0.514326025767355,-0.974888078305067,-0.276479334341099,"R4","XX","Pi3ki","NoLif","Exp_XX","Pi3ki+NoLif"
"...298",-0.127132512386633,-1.17227728024844,-0.00977155674264408,NA,-2.58049263525709,-0.116927540175564,-0.0417348589855766,"R5","XX","Fgfri","Bmp4ri","Exp_XX","Fgfri+Bmp4ri"
"...299",-0.170512059452809,0.235276968542484,-0.280107919192735,NA,-0.135533472960337,-0.257242948191858,-0.357718704744111,"R5","XX","Igfri","Bmp4ri","Exp_XX","Igfri+Bmp4ri"
"...300",-0.464527408619765,0.359052120906907,-0.207628544072078,NA,-6.81860083976754,0.0215514880533152,0.23218821080057,"R5","XX","Meki","Bmp4ri","Exp_XX","Meki+Bmp4ri"
"...301",-1.41360347345709,0.498674362185691,-0.853293252137538,NA,0.0738058912402711,-0.636150789858594,-0.616078475780845,"R5","XX","Pi3ki","Bmp4ri","Exp_XX","Pi3ki+Bmp4ri"
"...302",-0.803837581735366,-1.28855728831893,-0.120354722807715,NA,-2.99756995484066,-0.433673330341407,0.0667555400292084,"R5","XX","Fgfri","Gsk3i","Exp_XX","Fgfri+Gsk3i"
"...303",-1.46021441574868,0.442550487308637,-0.638821811741963,NA,-0.278916793809939,-0.166337772499217,0.282193239042792,"R5","XX","Igfri","Gsk3i","Exp_XX","Igfri+Gsk3i"
"...304",-0.495084875595735,0.98193920027923,0.105921133015966,NA,-5.90562534515615,-0.131307323258061,0.247105755575936,"R5","XX","Meki","Gsk3i","Exp_XX","Meki+Gsk3i"
"...305",-1.84541668548677,0.782229667919477,-0.823443324390977,NA,0.573232408358751,-0.376097070245478,0.0245889525378953,"R5","XX","Pi3ki","Gsk3i","Exp_XX","Pi3ki+Gsk3i"
"...306",-0.953413937785873,-1.52880637423642,-0.150921439103563,NA,-3.61057899216198,-1.96456302604064,-0.344525385501887,"R5","XX","Fgfri","Jaki","Exp_XX","Fgfri+Jaki"
"...307",-0.977866981510415,0.199253666707891,-0.920168095852699,NA,-0.104110074179586,-1.79717458572374,0.00188594224390715,"R5","XX","Igfri","Jaki","Exp_XX","Igfri+Jaki"
"...308",-0.463447951000466,0.412685220472724,-0.51835429173002,NA,-6.17235855497431,-1.60586060243267,0.134720739367015,"R5","XX","Meki","Jaki","Exp_XX","Meki+Jaki"
"...309",-2.10676471469267,0.506516754707043,-1.02384674195437,NA,-0.38415187084538,-2.60290947899455,-0.221752827045335,"R5","XX","Pi3ki","Jaki","Exp_XX","Pi3ki+Jaki"
"...310",-0.420918856958854,0.73730742452935,-0.263312676649757,NA,0.14066979070098,-1.94151804051365,-0.407553204580245,"R5","XX","Activin","NoLif","Exp_XX","Activin+NoLif"
"...311",-0.14865924780655,0.0822247303343109,0.215419497946471,NA,-0.337357056728662,-1.65896408162888,-0.308742266732722,"R5","XX","Bmp4ri","NoLif","Exp_XX","Bmp4ri+NoLif"
"...312",-0.0200952168997109,0.317819800585115,-0.263312676649757,NA,-0.0747706654824707,-2.12609786818518,0.456069810062279,"R5","XX","Fgf4","NoLif","Exp_XX","Fgf4+NoLif"
"...313",-0.114368981415275,-1.87247624827785,-0.135557129451385,NA,-3.3087620223173,-1.41041939732227,-0.0205526635401006,"R5","XX","Fgfri","NoLif","Exp_XX","Fgfri+NoLif"
"...314",-0.635127481451912,0.227268042877498,0.0586154182376015,NA,-0.843203124602777,-1.71452403952206,-0.512022431861946,"R5","XX","Gsk3i","NoLif","Exp_XX","Gsk3i+NoLif"
"...315",-0.821708258574053,-0.66310746594801,-0.534384401548969,NA,-0.588413240287763,-1.19986585129832,-0.259501371993787,"R5","XX","Igfri","NoLif","Exp_XX","Igfri+NoLif"
"...316",-0.573271228953216,0.00256175570279213,-0.120354722807715,NA,-0.293523054572031,-2.25695404477856,-0.514928039912562,"R5","XX","Jaki","NoLif","Exp_XX","Jaki+NoLif"
"...317",-0.0376600663526705,0.396543912681902,-0.075685673473986,NA,-7.90172689074707,-1.26951743423772,-0.28842016423687,"R5","XX","Meki","NoLif","Exp_XX","Meki+NoLif"
"...318",-1.57443610187956,0.0569779408281682,-0.794198504615122,NA,-0.181507862534046,-1.19074768622343,-0.0550684909377795,"R5","XX","Pi3ki","NoLif","Exp_XX","Pi3ki+NoLif"
"Activin...319",0,0,0,0,0,0,0.473088900369067,"Init_model","XX","Activin",NA,"Sim_Init","Activin+NA"
"Bmp4ri...320",0,0,0,0,0,0,0,"Init_model","XX","Bmp4ri",NA,"Sim_Init","Bmp4ri+NA"
"Activin+Bmp4ri...321",0,0,0,0,0,0,0.473088900369067,"Init_model","XX","Activin","Bmp4ri","Sim_Init","Activin+Bmp4ri"
"Fgf4...322",-0.343555699846334,-0.477425969613162,-0.179336643469613,-0.743577173752551,-1.4983038414762,0,0,"Init_model","XX","Fgf4",NA,"Sim_Init","Fgf4+NA"
"Activin+Fgf4...323",-0.343555699846334,-0.477425969613162,-0.179336643469613,-0.743577173752551,-1.4983038414762,0,0.473088900369067,"Init_model","XX","Activin","Fgf4","Sim_Init","Activin+Fgf4"
"Fgf4+Bmp4ri...324",-0.343555699846334,-0.477425969613162,-0.179336643469613,-0.743577173752551,-1.4983038414762,0,0,"Init_model","XX","Fgf4","Bmp4ri","Sim_Init","Fgf4+Bmp4ri"
"Fgfri...325",-0.682469312600676,-0.948401011671013,-0.356250109800428,-1.47710721394941,-2.97636276509625,0,0,"Init_model","XX","Fgfri",NA,"Sim_Init","Fgfri+NA"
"Activin+Fgfri...326",-0.682469312600676,-0.948401011671013,-0.356250109800428,-1.47710721394941,-2.97636276509625,0,0.473088900369067,"Init_model","XX","Activin","Fgfri","Sim_Init","Activin+Fgfri"
"Bmp4ri+Fgfri...327",-0.682469312600676,-0.948401011671013,-0.356250109800428,-1.47710721394941,-2.97636276509625,0,0,"Init_model","XX","Bmp4ri","Fgfri","Sim_Init","Bmp4ri+Fgfri"
"Fgf4+Fgfri...328",-0.739825585303324,-1.02810678898953,-0.386190179003243,-1.60124666258115,-3.22650305897457,0,0,"Init_model","XX","Fgf4","Fgfri","Sim_Init","Fgf4+Fgfri"
"Gsk3i...329",0,0,0,0,0,0,0,"Init_model","XX","Gsk3i",NA,"Sim_Init","Gsk3i+NA"
"Activin+Gsk3i...330",0,0,0,0,0,0,0.473088900369067,"Init_model","XX","Activin","Gsk3i","Sim_Init","Activin+Gsk3i"
"Bmp4ri+Gsk3i...331",0,0,0,0,0,0,0,"Init_model","XX","Bmp4ri","Gsk3i","Sim_Init","Bmp4ri+Gsk3i"
"Fgf4+Gsk3i...332",-0.343555699846334,-0.477425969613162,-0.179336643469613,-0.743577173752551,-1.4983038414762,0,0,"Init_model","XX","Fgf4","Gsk3i","Sim_Init","Fgf4+Gsk3i"
"Fgfri+Gsk3i...333",-0.682469312600676,-0.948401011671013,-0.356250109800428,-1.47710721394941,-2.97636276509625,0,0,"Init_model","XX","Fgfri","Gsk3i","Sim_Init","Fgfri+Gsk3i"
"Igfri...334",-0.801583159578431,0,-0.418427734905464,-1.73491209895096,0,0,0,"Init_model","XX","Igfri",NA,"Sim_Init","Igfri+NA"
"Activin+Igfri...335",-0.801583159578431,0,-0.418427734905464,-1.73491209895096,0,0,0.473088900369067,"Init_model","XX","Activin","Igfri","Sim_Init","Activin+Igfri"
"Bmp4ri+Igfri...336",-0.801583159578431,0,-0.418427734905464,-1.73491209895096,0,0,0,"Init_model","XX","Bmp4ri","Igfri","Sim_Init","Bmp4ri+Igfri"
"Fgf4+Igfri...337",-1.14513885942476,-0.477425969613162,-0.597764378375077,-2.47848927270351,-1.4983038414762,0,0,"Init_model","XX","Fgf4","Igfri","Sim_Init","Fgf4+Igfri"
"Fgfri+Igfri...338",-1.48405247217911,-0.948401011671013,-0.774677844705892,-3.21201931290037,-2.97636276509625,0,0,"Init_model","XX","Fgfri","Igfri","Sim_Init","Fgfri+Igfri"
"Gsk3i+Igfri...339",-0.801583159578431,0,-0.418427734905464,-1.73491209895096,0,0,0,"Init_model","XX","Gsk3i","Igfri","Sim_Init","Gsk3i+Igfri"
"Jaki...340",0,0,0,0,0,-1.76418262955719,0,"Init_model","XX","Jaki",NA,"Sim_Init","Jaki+NA"
"Activin+Jaki...341",0,0,0,0,0,-1.76418262955719,0.473088900369067,"Init_model","XX","Activin","Jaki","Sim_Init","Activin+Jaki"
"Bmp4ri+Jaki...342",0,0,0,0,0,-1.76418262955719,0,"Init_model","XX","Bmp4ri","Jaki","Sim_Init","Bmp4ri+Jaki"
"Fgf4+Jaki...343",-0.343555699846334,-0.477425969613162,-0.179336643469613,-0.743577173752551,-1.4983038414762,-1.76418262955719,0,"Init_model","XX","Fgf4","Jaki","Sim_Init","Fgf4+Jaki"
"Fgfri+Jaki...344",-0.682469312600676,-0.948401011671013,-0.356250109800428,-1.47710721394941,-2.97636276509625,-1.76418262955719,0,"Init_model","XX","Fgfri","Jaki","Sim_Init","Fgfri+Jaki"
"Gsk3i+Jaki...345",0,0,0,0,0,-1.76418262955719,0,"Init_model","XX","Gsk3i","Jaki","Sim_Init","Gsk3i+Jaki"
"Igfri+Jaki...346",-0.801583159578431,0,-0.418427734905464,-1.73491209895096,0,-1.76418262955719,0,"Init_model","XX","Igfri","Jaki","Sim_Init","Igfri+Jaki"
"Meki...347",0,0,0,0,-6.54434930667153,0,0,"Init_model","XX","Meki",NA,"Sim_Init","Meki+NA"
"Activin+Meki...348",0,0,0,0,-6.54434930667153,0,0.473088900369067,"Init_model","XX","Activin","Meki","Sim_Init","Activin+Meki"
"Bmp4ri+Meki...349",0,0,0,0,-6.54434930667153,0,0,"Init_model","XX","Bmp4ri","Meki","Sim_Init","Bmp4ri+Meki"
"Fgf4+Meki...350",-0.343555699846334,-0.477425969613162,-0.179336643469613,-0.743577173752551,-6.89741551511818,0,0,"Init_model","XX","Fgf4","Meki","Sim_Init","Fgf4+Meki"
"Gsk3i+Meki...351",0,0,0,0,-6.54434930667153,0,0,"Init_model","XX","Gsk3i","Meki","Sim_Init","Gsk3i+Meki"
"Igfri+Meki...352",-0.801583159578431,0,-0.418427734905464,-1.73491209895096,-6.54434930667153,0,0,"Init_model","XX","Igfri","Meki","Sim_Init","Igfri+Meki"
"Jaki+Meki...353",0,0,0,0,-6.54434930667153,-1.76418262955719,0,"Init_model","XX","Jaki","Meki","Sim_Init","Jaki+Meki"
"Pi3ki...354",-1.32597741740379,0,-0.692162404699042,-2.86988846621907,0,0,0,"Init_model","XX","Pi3ki",NA,"Sim_Init","Pi3ki+NA"
"Activin+Pi3ki...355",-1.32597741740379,0,-0.692162404699042,-2.86988846621907,0,0,0.473088900369067,"Init_model","XX","Activin","Pi3ki","Sim_Init","Activin+Pi3ki"
"Bmp4ri+Pi3ki...356",-1.32597741740379,0,-0.692162404699042,-2.86988846621907,0,0,0,"Init_model","XX","Bmp4ri","Pi3ki","Sim_Init","Bmp4ri+Pi3ki"
"Fgf4+Pi3ki...357",-1.32597741937954,-0.477425969613162,-0.692162405730392,-2.86988847049532,-1.4983038414762,0,0,"Init_model","XX","Fgf4","Pi3ki","Sim_Init","Fgf4+Pi3ki"
"Fgfri+Pi3ki...358",-1.32597742132861,-0.948401011671013,-0.692162406747806,-2.86988847471378,-2.97636276509625,0,0,"Init_model","XX","Fgfri","Pi3ki","Sim_Init","Fgfri+Pi3ki"
"Gsk3i+Pi3ki...359",-1.32597741740379,0,-0.692162404699042,-2.86988846621907,0,0,0,"Init_model","XX","Gsk3i","Pi3ki","Sim_Init","Gsk3i+Pi3ki"
"Jaki+Pi3ki...360",-1.32597741740379,0,-0.692162404699042,-2.86988846621907,0,-1.76418262955719,0,"Init_model","XX","Jaki","Pi3ki","Sim_Init","Jaki+Pi3ki"
"Meki+Pi3ki...361",-1.32597741740379,0,-0.692162404699042,-2.86988846621907,-6.54434930667153,0,0,"Init_model","XX","Meki","Pi3ki","Sim_Init","Meki+Pi3ki"
"NoLif...362",0,0,0,0,0,-1.42722849921293,0,"Init_model","XX","NoLif",NA,"Sim_Init","NoLif+NA"
"Activin+NoLif...363",0,0,0,0,0,-1.42722849921293,0.473088900369067,"Init_model","XX","Activin","NoLif","Sim_Init","Activin+NoLif"
"NoLif+Bmp4ri...364",0,0,0,0,0,-1.42722849921293,0,"Init_model","XX","NoLif","Bmp4ri","Sim_Init","NoLif+Bmp4ri"
"Fgf4+NoLif...365",-0.343555699846334,-0.477425969613162,-0.179336643469613,-0.743577173752551,-1.4983038414762,-1.42722849921293,0,"Init_model","XX","Fgf4","NoLif","Sim_Init","Fgf4+NoLif"
"NoLif+Fgfri...366",-0.682469312600676,-0.948401011671013,-0.356250109800428,-1.47710721394941,-2.97636276509625,-1.42722849921293,0,"Init_model","XX","NoLif","Fgfri","Sim_Init","NoLif+Fgfri"
"NoLif+Gsk3i...367",0,0,0,0,0,-1.42722849921293,0,"Init_model","XX","NoLif","Gsk3i","Sim_Init","NoLif+Gsk3i"
"NoLif+Igfri...368",-0.801583159578431,0,-0.418427734905464,-1.73491209895096,0,-1.42722849921293,0,"Init_model","XX","NoLif","Igfri","Sim_Init","NoLif+Igfri"
"NoLif+Jaki...369",0,0,0,0,0,-1.76418263106415,0,"Init_model","XX","NoLif","Jaki","Sim_Init","NoLif+Jaki"
"NoLif+Meki...370",0,0,0,0,-6.54434930667153,-1.42722849921293,0,"Init_model","XX","NoLif","Meki","Sim_Init","NoLif+Meki"
"NoLif+Pi3ki...371",-1.32597741740379,0,-0.692162404699042,-2.86988846621907,0,-1.42722849921293,0,"Init_model","XX","NoLif","Pi3ki","Sim_Init","NoLif+Pi3ki"
"Activin...372",0,0,0,0,0,0,1.12466954238944,"Init_model","XO","Activin",NA,"Sim_Init","Activin+NA"
"Bmp4ri...373",0,0,0,0,0,0,0,"Init_model","XO","Bmp4ri",NA,"Sim_Init","Bmp4ri+NA"
"Activin+Bmp4ri...374",0,0,0,0,0,0,1.12466954238944,"Init_model","XO","Activin","Bmp4ri","Sim_Init","Activin+Bmp4ri"
"Fgf4...375",-0.0285532028645483,-0.0331525354810605,-0.0156342651007893,-0.0122706026129647,-0.131580751835187,0,0,"Init_model","XO","Fgf4",NA,"Sim_Init","Fgf4+NA"
"Activin+Fgf4...376",-0.0285532028645483,-0.0331525354810605,-0.0156342651007893,-0.0122706026129647,-0.131580751835187,0,1.12466954238944,"Init_model","XO","Activin","Fgf4","Sim_Init","Activin+Fgf4"
"Fgf4+Bmp4ri...377",-0.0285532028645483,-0.0331525354810605,-0.0156342651007893,-0.0122706026129647,-0.131580751835187,0,0,"Init_model","XO","Fgf4","Bmp4ri","Sim_Init","Fgf4+Bmp4ri"
"Fgfri...378",-0.706027068985029,-0.819753481462385,-0.386584104669752,-0.303411762197365,-3.25356048474644,0,0,"Init_model","XO","Fgfri",NA,"Sim_Init","Fgfri+NA"
"Activin+Fgfri...379",-0.706027068985029,-0.819753481462385,-0.386584104669752,-0.303411762197365,-3.25356048474644,0,1.12466954238944,"Init_model","XO","Activin","Fgfri","Sim_Init","Activin+Fgfri"
"Bmp4ri+Fgfri...380",-0.706027068985029,-0.819753481462385,-0.386584104669752,-0.303411762197365,-3.25356048474644,0,0,"Init_model","XO","Bmp4ri","Fgfri","Sim_Init","Bmp4ri+Fgfri"
"Fgf4+Fgfri...381",-0.706027068985029,-0.819753481462385,-0.386584104669752,-0.303411762197365,-3.25356048474644,0,0,"Init_model","XO","Fgf4","Fgfri","Sim_Init","Fgf4+Fgfri"
"Gsk3i...382",0,0,0,0,0,0,0,"Init_model","XO","Gsk3i",NA,"Sim_Init","Gsk3i+NA"
"Activin+Gsk3i...383",0,0,0,0,0,0,1.12466954238944,"Init_model","XO","Activin","Gsk3i","Sim_Init","Activin+Gsk3i"
"Bmp4ri+Gsk3i...384",0,0,0,0,0,0,0,"Init_model","XO","Bmp4ri","Gsk3i","Sim_Init","Bmp4ri+Gsk3i"
"Fgf4+Gsk3i...385",-0.0285532028645483,-0.0331525354810605,-0.0156342651007893,-0.0122706026129647,-0.131580751835187,0,0,"Init_model","XO","Fgf4","Gsk3i","Sim_Init","Fgf4+Gsk3i"
"Fgfri+Gsk3i...386",-0.706027068985029,-0.819753481462385,-0.386584104669752,-0.303411762197365,-3.25356048474644,0,0,"Init_model","XO","Fgfri","Gsk3i","Sim_Init","Fgfri+Gsk3i"
"Igfri...387",-0.780791908813308,0,-0.427521485027339,-0.335541595172909,0,0,0,"Init_model","XO","Igfri",NA,"Sim_Init","Igfri+NA"
"Activin+Igfri...388",-0.780791908813308,0,-0.427521485027339,-0.335541595172909,0,0,1.12466954238944,"Init_model","XO","Activin","Igfri","Sim_Init","Activin+Igfri"
"Bmp4ri+Igfri...389",-0.780791908813308,0,-0.427521485027339,-0.335541595172909,0,0,0,"Init_model","XO","Bmp4ri","Igfri","Sim_Init","Bmp4ri+Igfri"
"Fgf4+Igfri...390",-0.809345111677856,-0.0331525354810605,-0.443155750128129,-0.347812197785873,-0.131580751835187,0,0,"Init_model","XO","Fgf4","Igfri","Sim_Init","Fgf4+Igfri"
"Fgfri+Igfri...391",-1.48681897779834,-0.819753481462385,-0.814105589697091,-0.638953357370273,-3.25356048474644,0,0,"Init_model","XO","Fgfri","Igfri","Sim_Init","Fgfri+Igfri"
"Gsk3i+Igfri...392",-0.780791908813308,0,-0.427521485027339,-0.335541595172909,0,0,0,"Init_model","XO","Gsk3i","Igfri","Sim_Init","Gsk3i+Igfri"
"Jaki...393",0,0,0,0,0,-1.91300225823373,0,"Init_model","XO","Jaki",NA,"Sim_Init","Jaki+NA"
"Activin+Jaki...394",0,0,0,0,0,-1.91300225823373,1.12466954238944,"Init_model","XO","Activin","Jaki","Sim_Init","Activin+Jaki"
"Bmp4ri+Jaki...395",0,0,0,0,0,-1.91300225823373,0,"Init_model","XO","Bmp4ri","Jaki","Sim_Init","Bmp4ri+Jaki"
"Fgf4+Jaki...396",-0.0285532028645483,-0.0331525354810605,-0.0156342651007893,-0.0122706026129647,-0.131580751835187,-1.91300225823373,0,"Init_model","XO","Fgf4","Jaki","Sim_Init","Fgf4+Jaki"
"Fgfri+Jaki...397",-0.706027068985029,-0.819753481462385,-0.386584104669752,-0.303411762197365,-3.25356048474644,-1.91300225823373,0,"Init_model","XO","Fgfri","Jaki","Sim_Init","Fgfri+Jaki"
"Gsk3i+Jaki...398",0,0,0,0,0,-1.91300225823373,0,"Init_model","XO","Gsk3i","Jaki","Sim_Init","Gsk3i+Jaki"
"Igfri+Jaki...399",-0.780791908813308,0,-0.427521485027339,-0.335541595172909,0,-1.91300225823373,0,"Init_model","XO","Igfri","Jaki","Sim_Init","Igfri+Jaki"
"Meki...400",0,0,0,0,-3.16826249305212,0,0,"Init_model","XO","Meki",NA,"Sim_Init","Meki+NA"
"Activin+Meki...401",0,0,0,0,-3.16826249305212,0,1.12466954238944,"Init_model","XO","Activin","Meki","Sim_Init","Activin+Meki"
"Bmp4ri+Meki...402",0,0,0,0,-3.16826249305212,0,0,"Init_model","XO","Bmp4ri","Meki","Sim_Init","Bmp4ri+Meki"
"Fgf4+Meki...403",-0.0285532028645483,-0.0331525354810605,-0.0156342651007893,-0.0122706026129647,-3.24392687867574,0,0,"Init_model","XO","Fgf4","Meki","Sim_Init","Fgf4+Meki"
"Gsk3i+Meki...404",0,0,0,0,-3.16826249305212,0,0,"Init_model","XO","Gsk3i","Meki","Sim_Init","Gsk3i+Meki"
"Igfri+Meki...405",-0.780791908813308,0,-0.427521485027339,-0.335541595172909,-3.16826249305212,0,0,"Init_model","XO","Igfri","Meki","Sim_Init","Igfri+Meki"
"Jaki+Meki...406",0,0,0,0,-3.16826249305212,-1.91300225823373,0,"Init_model","XO","Jaki","Meki","Sim_Init","Jaki+Meki"
"Pi3ki...407",-1.74371773175456,0,-0.95477013239191,-0.749354370402563,0,0,0,"Init_model","XO","Pi3ki",NA,"Sim_Init","Pi3ki+NA"
"Activin+Pi3ki...408",-1.74371773175456,0,-0.95477013239191,-0.749354370402563,0,0,1.12466954238944,"Init_model","XO","Activin","Pi3ki","Sim_Init","Activin+Pi3ki"
"Bmp4ri+Pi3ki...409",-1.74371773175456,0,-0.95477013239191,-0.749354370402563,0,0,0,"Init_model","XO","Bmp4ri","Pi3ki","Sim_Init","Bmp4ri+Pi3ki"
"Fgf4+Pi3ki...410",-1.743717733132,-0.0331525354810605,-0.954770133146125,-0.749354370994511,-0.131580751835187,0,0,"Init_model","XO","Fgf4","Pi3ki","Sim_Init","Fgf4+Pi3ki"
"Fgfri+Pi3ki...411",-1.74371776581416,-0.819753481462385,-0.954770151041192,-0.749354385039511,-3.25356048474644,0,0,"Init_model","XO","Fgfri","Pi3ki","Sim_Init","Fgfri+Pi3ki"
"Gsk3i+Pi3ki...412",-1.74371773175456,0,-0.95477013239191,-0.749354370402563,0,0,0,"Init_model","XO","Gsk3i","Pi3ki","Sim_Init","Gsk3i+Pi3ki"
"Jaki+Pi3ki...413",-1.74371773175456,0,-0.95477013239191,-0.749354370402563,0,-1.91300225823373,0,"Init_model","XO","Jaki","Pi3ki","Sim_Init","Jaki+Pi3ki"
"Meki+Pi3ki...414",-1.74371773175456,0,-0.95477013239191,-0.749354370402563,-3.16826249305212,0,0,"Init_model","XO","Meki","Pi3ki","Sim_Init","Meki+Pi3ki"
"NoLif...415",0,0,0,0,0,-1.55874418327758,0,"Init_model","XO","NoLif",NA,"Sim_Init","NoLif+NA"
"Activin+NoLif...416",0,0,0,0,0,-1.55874418327758,1.12466954238944,"Init_model","XO","Activin","NoLif","Sim_Init","Activin+NoLif"
"NoLif+Bmp4ri...417",0,0,0,0,0,-1.55874418327758,0,"Init_model","XO","NoLif","Bmp4ri","Sim_Init","NoLif+Bmp4ri"
"Fgf4+NoLif...418",-0.0285532028645483,-0.0331525354810605,-0.0156342651007893,-0.0122706026129647,-0.131580751835187,-1.55874418327758,0,"Init_model","XO","Fgf4","NoLif","Sim_Init","Fgf4+NoLif"
"NoLif+Fgfri...419",-0.706027068985029,-0.819753481462385,-0.386584104669752,-0.303411762197365,-3.25356048474644,-1.55874418327758,0,"Init_model","XO","NoLif","Fgfri","Sim_Init","NoLif+Fgfri"
"NoLif+Gsk3i...420",0,0,0,0,0,-1.55874418327758,0,"Init_model","XO","NoLif","Gsk3i","Sim_Init","NoLif+Gsk3i"
"NoLif+Igfri...421",-0.780791908813308,0,-0.427521485027339,-0.335541595172909,0,-1.55874418327758,0,"Init_model","XO","NoLif","Igfri","Sim_Init","NoLif+Igfri"
"NoLif+Jaki...422",0,0,0,0,0,-2.16024791624664,0,"Init_model","XO","NoLif","Jaki","Sim_Init","NoLif+Jaki"
"NoLif+Meki...423",0,0,0,0,-3.16826249305212,-1.55874418327758,0,"Init_model","XO","NoLif","Meki","Sim_Init","NoLif+Meki"
"NoLif+Pi3ki...424",-1.74371773175456,0,-0.95477013239191,-0.749354370402563,0,-1.55874418327758,0,"Init_model","XO","NoLif","Pi3ki","Sim_Init","NoLif+Pi3ki"
"Activin...425",0,-0.172224083330944,0,0,-0.594827986342759,0,0.615393734078602,"Final_model","XX","Activin",NA,"Sim_Final","Activin+NA"
"Bmp4ri...426",-0.162589347763188,-0.296118807721676,-0.0811481008601622,-0.352805956192932,-1.02273590724727,-0.0358298425895071,-0.376102763012118,"Final_model","XX","Bmp4ri",NA,"Sim_Final","Bmp4ri+NA"
"Activin+Bmp4ri...427",-0.162589347763188,-0.46834289105262,-0.0811481008601622,-0.352805956192932,-1.61756389359003,-0.0358298425895071,0.239290971066485,"Final_model","XX","Activin","Bmp4ri","Sim_Final","Activin+Bmp4ri"
"Fgf4...428",-0.0827749910543981,-0.150755458444309,-0.0413128745221656,-0.179615148652563,-0.520679593946759,-0.0182411390452631,-0.0033806183931236,"Final_model","XX","Fgf4",NA,"Sim_Final","Fgf4+NA"
"Activin+Fgf4...429",-0.0827749910543981,-0.322979541775253,-0.0413128745221656,-0.179615148652563,-1.11550758028952,-0.0182411390452631,0.612013115685479,"Final_model","XX","Activin","Fgf4","Sim_Final","Activin+Fgf4"
"Fgf4+Bmp4ri...430",-0.243902995941793,-0.444212768866157,-0.121731621333569,-0.529250107005151,-1.53422321490692,-0.0537489452533633,-0.376102993324132,"Final_model","XX","Fgf4","Bmp4ri","Sim_Final","Fgf4+Bmp4ri"
"Fgfri...431",-0.489037709704784,-0.890668826223723,-0.244077991193785,-1.06117294374104,-3.07619430543217,-0.107769324375276,-0.0199728185445833,"Final_model","XX","Fgfri",NA,"Sim_Final","Fgfri+NA"
"Activin+Fgfri...432",-0.489037709704784,-1.06289290955467,-0.244077991193785,-1.06117294374104,-3.67102229177493,-0.107769324375276,0.595420915534019,"Final_model","XX","Activin","Fgfri","Sim_Final","Activin+Fgfri"
"Bmp4ri+Fgfri...433",-0.535959610022641,-0.976126190862374,-0.267496641627697,-1.16298973638937,-3.37134717338786,-0.118109511635502,-0.376103820542546,"Final_model","XX","Bmp4ri","Fgfri","Sim_Final","Bmp4ri+Fgfri"
"Fgf4+Fgfri...434",-0.51395417362607,-0.936048389463978,-0.256513761157682,-1.1152396891929,-3.23292635882011,-0.113260169824063,-0.020990433347689,"Final_model","XX","Fgf4","Fgfri","Sim_Final","Fgf4+Fgfri"
"Gsk3i...435",-0.623005514299116,-0.00985413416398506,-0.310932133352674,-1.35183334490644,-0.034034234170672,-0.140336267082905,-0.0260084287798883,"Final_model","XX","Gsk3i",NA,"Sim_Final","Gsk3i+NA"
"Activin+Gsk3i...436",-0.623005514299116,-0.182078217494929,-0.310932133352674,-1.35183334490644,-0.628862220513432,-0.140336267082905,0.589385305298714,"Final_model","XX","Activin","Gsk3i","Sim_Final","Activin+Gsk3i"
"Bmp4ri+Gsk3i...437",-0.710213659149698,-0.286610608364392,-0.354458530767831,-1.54107218225337,-0.989896463610525,-0.159235156001294,-0.376104349125375,"Final_model","XX","Bmp4ri","Gsk3i","Sim_Final","Bmp4ri+Gsk3i"
"Fgf4+Gsk3i...438",-0.670333073481533,-0.160048917395287,-0.334553758984004,-1.45453260871367,-0.552777366610444,-0.150592628863097,-0.0279092336142033,"Final_model","XX","Fgf4","Gsk3i","Sim_Final","Fgf4+Gsk3i"
"Fgfri+Gsk3i...439",-0.901179266681724,-0.892643087608791,-0.449771244279938,-1.9554613382723,-3.08301301453186,-0.200619338753534,-0.0371806511053705,"Final_model","XX","Fgfri","Gsk3i","Sim_Final","Fgfri+Gsk3i"
"Igfri...440",-0.685156955855443,-0.0106020886957634,-0.341960814307341,-1.48673611327167,-0.0366175214752628,-0.150988156451444,-0.0279825364839875,"Final_model","XX","Igfri",NA,"Sim_Final","Igfri+NA"
"Activin+Igfri...441",-0.685156955855443,-0.182826172026708,-0.341960814307341,-1.48673611327167,-0.631445507818022,-0.150988156451444,0.587411197594615,"Final_model","XX","Activin","Igfri","Sim_Final","Activin+Igfri"
"Bmp4ri+Igfri...442",-0.766886093621327,-0.285858332249574,-0.382751705013784,-1.66408184345022,-0.987298250411203,-0.16899882062726,-0.376104474616551,"Final_model","XX","Bmp4ri","Igfri","Sim_Final","Bmp4ri+Igfri"
"Fgf4+Igfri...443",-0.729743839705878,-0.16076662604347,-0.364214061506569,-1.58348610585684,-0.555256190603714,-0.160813775730294,-0.0298035120916778,"Final_model","XX","Fgf4","Igfri","Sim_Final","Fgf4+Igfri"
"Fgfri+Igfri...444",-0.94710384324361,-0.892815191685059,-0.47269811493752,-2.05514002993754,-3.0836074280375,-0.208713437172783,-0.0386807250823279,"Final_model","XX","Fgfri","Igfri","Sim_Final","Fgfri+Igfri"
"Gsk3i+Igfri...445",-0.90339464693852,-0.014120803162381,-0.450876961201772,-1.96026864136074,-0.0487704666395655,-0.201099434109959,-0.0372696268644148,"Final_model","XX","Gsk3i","Igfri","Sim_Final","Gsk3i+Igfri"
"Jaki...446",-0.502516596111076,-0.121149471767307,-0.246037919879142,-1.06969408602999,-0.418426360263223,-1.72533317934996,-0.319754871990377,"Final_model","XX","Jaki",NA,"Sim_Final","Jaki+NA"
"Activin+Jaki...447",-0.502516596111076,-0.293373555098251,-0.246037919879142,-1.06969408602999,-1.01325434660599,-1.72533317934996,0.295638862088225,"Final_model","XX","Activin","Jaki","Sim_Final","Activin+Jaki"
"Bmp4ri+Jaki...448",-0.526152679515348,-0.165793873045884,-0.257844240306254,-1.12102418646679,-0.572619309358413,-1.72729515633672,-0.376124503206968,"Final_model","XX","Bmp4ri","Jaki","Sim_Final","Bmp4ri+Jaki"
"Fgf4+Jaki...449",-0.581897887117552,-0.271086758291875,-0.285689199725737,-1.24208515313159,-0.936280149908458,-1.73192243796231,-0.320976054988144,"Final_model","XX","Fgf4","Jaki","Sim_Final","Fgf4+Jaki"
"Fgfri+Jaki...450",-0.928530550432826,-0.925814847232071,-0.458833634173935,-1.99486170744981,-3.19758172407898,-1.7606956190622,-0.326308569860905,"Final_model","XX","Fgfri","Jaki","Sim_Final","Fgfri+Jaki"
"Gsk3i+Jaki...451",-0.900374902345436,-0.123522115375913,-0.44476751576154,-1.93370672903622,-0.42662100292132,-1.75912284991957,-0.326017089582258,"Final_model","XX","Gsk3i","Jaki","Sim_Final","Gsk3i+Jaki"
"Igfri+Jaki...452",-0.945634064611404,-0.123732242264909,-0.467376909528321,-2.03200513284701,-0.427346739716315,-1.7621153424841,-0.32657168627602,"Final_model","XX","Igfri","Jaki","Sim_Final","Igfri+Jaki"
"Meki...453",0,0.636864854123174,0,0,-6.48920867991664,0,0,"Final_model","XX","Meki",NA,"Sim_Final","Meki+NA"
"Activin+Meki...454",0,0.423886631477349,0,0,-6.6687804107564,0,0.615393734078602,"Final_model","XX","Activin","Meki","Sim_Final","Activin+Meki"
"Bmp4ri+Meki...455",-0.162589347763188,0.270674155698177,-0.0811481008601622,-0.352805956192932,-6.79796089277997,-0.0358298425895071,-0.376102763012118,"Final_model","XX","Bmp4ri","Meki","Sim_Final","Bmp4ri+Meki"
"Fgf4+Meki...456",-0.0827749910543981,0.450435471120288,-0.0413128745221656,-0.179615148652563,-6.64639586351375,-0.0182411390452631,-0.0033806183931236,"Final_model","XX","Fgf4","Meki","Sim_Final","Fgf4+Meki"
"Gsk3i+Meki...457",-0.623005514299116,0.624678893023144,-0.310932133352674,-1.35183334490644,-6.4994832239498,-0.140336267082905,-0.0260084287798883,"Final_model","XX","Gsk3i","Meki","Sim_Final","Gsk3i+Meki"
"Igfri+Meki...458",-0.685156955855443,0.623753946733885,-0.341960814307341,-1.48673611327167,-6.50026308868917,-0.150988156451444,-0.0279825364839875,"Final_model","XX","Igfri","Meki","Sim_Final","Igfri+Meki"
"Jaki+Meki...459",-0.502516596111076,0.487047252122065,-0.246037919879142,-1.06969408602999,-6.61552678778413,-1.72533317934996,-0.319754871990377,"Final_model","XX","Jaki","Meki","Sim_Final","Jaki+Meki"
"Pi3ki...460",-1.26517028348694,-0.019577189498172,-0.63144460065866,-2.74531891389722,-0.067615747938523,-0.278805793429245,-0.0516708957175055,"Final_model","XX","Pi3ki",NA,"Sim_Final","Pi3ki+NA"
"Activin+Pi3ki...461",-1.26517028348694,-0.191801272829116,-0.63144460065866,-2.74531891389722,-0.662443734281283,-0.278805793429245,0.563722838361097,"Final_model","XX","Activin","Pi3ki","Sim_Final","Activin+Pi3ki"
"Bmp4ri+Pi3ki...462",-1.31644078436291,-0.276527333094641,-0.657033631142344,-2.85657182397337,-0.955070821293584,-0.290104282543963,-0.376106031170102,"Final_model","XX","Bmp4ri","Pi3ki","Sim_Final","Bmp4ri+Pi3ki"
"Fgf4+Pi3ki...463",-1.29508804526854,-0.16951473749412,-0.646376510921931,-2.81023807802281,-0.585470440654288,-0.285398775749505,-0.0528927688276277,"Final_model","XX","Fgf4","Pi3ki","Sim_Final","Fgf4+Pi3ki"
"Fgfri+Pi3ki...464",-1.43987239193731,-0.895124162630319,-0.718638162303685,-3.12440859762317,-3.09158215788555,-0.317304927179071,-0.0588059150466729,"Final_model","XX","Fgfri","Pi3ki","Sim_Final","Fgfri+Pi3ki"
"Gsk3i+Pi3ki...465",-1.30557087786884,-0.0202407010352022,-0.651606864221675,-2.83297797923532,-0.0699073858085209,-0.288255099753242,-0.0534221294908951,"Final_model","XX","Gsk3i","Pi3ki","Sim_Final","Gsk3i+Pi3ki"
"Jaki+Pi3ki...466",-1.43795125672445,-0.126601780050355,-0.713291362546869,-3.10116242450537,-0.437257556773019,-1.8029814616541,-0.334145377468159,"Final_model","XX","Jaki","Pi3ki","Sim_Final","Jaki+Pi3ki"
"Meki+Pi3ki...467",-1.26517028348694,0.612655028510637,-0.63144460065866,-2.74531891389722,-6.50962109689789,-0.278805793429245,-0.0516708957175055,"Final_model","XX","Meki","Pi3ki","Sim_Final","Meki+Pi3ki"
"NoLif...468",-0.126986008909779,-0.0948529431343198,-0.0594725839992838,-0.25856775011025,-0.32760334136809,-1.35083486177285,-0.250349343231811,"Final_model","XX","NoLif",NA,"Sim_Final","NoLif+NA"
"Activin+NoLif...469",-0.126986008909779,-0.267077026465264,-0.0594725839992838,-0.25856775011025,-0.922431327710843,-1.35083486177285,0.365044390846791,"Final_model","XX","Activin","NoLif","Sim_Final","Activin+NoLif"
"NoLif+Bmp4ri...470",-0.181356626651397,-0.193876419901008,-0.0866088781847571,-0.376547667275984,-0.669610882628164,-1.36281652417557,-0.376119818608107,"Final_model","XX","NoLif","Bmp4ri","Sim_Final","NoLif+Bmp4ri"
"Fgf4+NoLif...471",-0.209760999964178,-0.245608401578629,-0.100785458521449,-0.438182898762813,-0.848282935314854,-1.36907600081812,-0.253729961624935,"Final_model","XX","Fgf4","NoLif","Sim_Final","Fgf4+NoLif"
"NoLif+Fgfri...472",-0.579620051108089,-0.919220927593096,-0.285381559060487,-1.24074763003596,-3.17480762730286,-1.45058190366543,-0.26883539740008,"Final_model","XX","NoLif","Fgfri","Sim_Final","NoLif+Fgfri"
"NoLif+Gsk3i...473",-0.695611234643646,-0.103846939390858,-0.343264381114406,-1.49240360430292,-0.358666828999894,-1.4789215957056,-0.274087574028348,"Final_model","XX","NoLif","Gsk3i","Sim_Final","NoLif+Gsk3i"
"NoLif+Igfri...474",-0.753558176535367,-0.104548493385533,-0.372193817918666,-1.61817953135066,-0.361089858008915,-1.48891267834476,-0.275939214852605,"Final_model","XX","NoLif","Igfri","Sim_Final","NoLif+Igfri"
"NoLif+Jaki...475",-0.378184508943806,-0.155413262581235,-0.182462266138003,-0.793287502622878,-0.536766729973048,-2.21329614178966,-0.410188729322058,"Final_model","XX","NoLif","Jaki","Sim_Final","NoLif+Jaki"
"NoLif+Meki...476",-0.126986008909779,0.519566443524849,-0.0594725839992838,-0.25856775011025,-6.58810836249556,-1.35083486177285,-0.250349343231811,"Final_model","XX","NoLif","Meki","Sim_Final","NoLif+Meki"
"NoLif+Pi3ki...477",-1.31211428156447,-0.113191566066136,-0.650968336486626,-2.83020186512135,-0.390941324882675,-1.61200178347943,-0.298751238365986,"Final_model","XX","NoLif","Pi3ki","Sim_Final","NoLif+Pi3ki"
"Activin...478",0,-0.140282768693285,0,0,-0.616651048366041,0,1.39774467268504,"Final_model","XO","Activin",NA,"Sim_Final","Activin+NA"
"Bmp4ri...479",-0.0824976747748009,-0.218182977094232,-0.0478624416497385,-0.0397813884149502,-0.95908259306563,-0.0162300739789538,-0.58703304204783,"Final_model","XO","Bmp4ri",NA,"Sim_Final","Bmp4ri+NA"
"Activin+Bmp4ri...480",-0.0824976747748009,-0.358465745787517,-0.0478624416497385,-0.0397813884149502,-1.57573364143167,-0.0162300739789538,0.810711630637205,"Final_model","XO","Activin","Bmp4ri","Sim_Final","Activin+Bmp4ri"
"Fgf4...481",0.114904798373308,0.303890637644474,0.0666639904994904,0.0554085000250981,1.33583391629381,0.0226056477740291,0.00313770699192032,"Final_model","XO","Fgf4",NA,"Sim_Final","Fgf4+NA"
"Activin+Fgf4...482",0.114904798373308,0.163607868951188,0.0666639904994904,0.0554085000250981,0.719182867927764,0.0226056477740291,1.40088237967696,"Final_model","XO","Activin","Fgf4","Sim_Final","Activin+Fgf4"
"Fgf4+Bmp4ri...483",0.0319661713950402,0.0845414668996794,0.0185457228623368,0.0154144790610922,0.371625001984906,0.00628882363026186,-0.58703304183498,"Final_model","XO","Fgf4","Bmp4ri","Sim_Final","Fgf4+Bmp4ri"
"Fgfri...484",-0.248011094030448,-0.655919078879168,-0.143887891979059,-0.119593984797444,-2.88327063545822,-0.0487921437143943,-0.00677244253355695,"Final_model","XO","Fgfri",NA,"Sim_Final","Fgfri+NA"
"Activin+Fgfri...485",-0.248011094030448,-0.796201847572453,-0.143887891979059,-0.119593984797444,-3.49992168382426,-0.0487921437143943,1.39097223015148,"Final_model","XO","Activin","Fgfri","Sim_Final","Activin+Fgfri"
"Bmp4ri+Fgfri...486",-0.302946879890996,-0.80120866844378,-0.175759830823524,-0.146084693064855,-3.52193052616494,-0.0595998649143257,-0.587033042457764,"Final_model","XO","Bmp4ri","Fgfri","Sim_Final","Bmp4ri+Fgfri"
"Fgf4+Fgfri...487",-0.170699316916949,-0.451451331865513,-0.0990341378455829,-0.0823132997018006,-1.98447706496143,-0.03358231064429,-0.00466128871717146,"Final_model","XO","Fgf4","Fgfri","Sim_Final","Fgf4+Fgfri"
"Gsk3i...488",-0.761833554546042,-0.038719680325895,-0.426921145080807,-0.354840148342238,-0.170202881563914,-0.251705861653244,-0.0349372532878311,"Final_model","XO","Gsk3i",NA,"Sim_Final","Gsk3i+NA"
"Activin+Gsk3i...489",-0.761833554546042,-0.17900244901918,-0.426921145080807,-0.354840148342238,-0.786853929929955,-0.251705861653244,1.3628074193972,"Final_model","XO","Activin","Gsk3i","Sim_Final","Activin+Gsk3i"
"Bmp4ri+Gsk3i...490",-0.808673603218871,-0.242872116337042,-0.454708363479654,-0.377935796829733,-1.0676104168258,-0.256784437655818,-0.587033044321563,"Final_model","XO","Bmp4ri","Gsk3i","Sim_Final","Bmp4ri+Gsk3i"
"Fgf4+Gsk3i...491",-0.692642980051891,0.262847562497774,-0.385874782852625,-0.320724018396975,1.15541792113538,-0.244203956740959,-0.0338959745891936,"Final_model","XO","Fgf4","Gsk3i","Sim_Final","Fgf4+Gsk3i"
"Fgfri+Gsk3i...492",-0.908657863664334,-0.678653694517909,-0.514022658835133,-0.427235517879553,-2.98320681934179,-0.267625110971088,-0.0371468754313784,"Final_model","XO","Fgfri","Gsk3i","Sim_Final","Fgfri+Gsk3i"
"Igfri...493",-0.675960027395832,-0.0204568254719225,-0.392169809114074,-0.325956197871262,-0.0899235379441579,-0.132984126902945,-0.0184584502496404,"Final_model","XO","Igfri",NA,"Sim_Final","Igfri+NA"
"Activin+Igfri...494",-0.675960027395832,-0.160739594165208,-0.392169809114074,-0.325956197871262,-0.706574586310199,-0.132984126902945,1.3792862224354,"Final_model","XO","Activin","Igfri","Sim_Final","Activin+Igfri"
"Bmp4ri+Igfri...495",-0.727570720463252,-0.231208057001872,-0.422112638317261,-0.350843505700051,-1.0163378729187,-0.143137690247317,-0.587033043247368,"Final_model","XO","Bmp4ri","Igfri","Sim_Final","Bmp4ri+Igfri"
"Fgf4+Igfri...496",-0.60184278649221,0.282199443406993,-0.3491694199798,-0.290215957231994,1.24048437485369,-0.118402766806852,-0.0164345296797647,"Final_model","XO","Fgf4","Igfri","Sim_Final","Fgf4+Igfri"
"Fgfri+Igfri...497",-0.834513421453146,-0.667906434745358,-0.484157281393161,-0.402412584923631,-2.93596431716181,-0.164176925029547,-0.022788070075525,"Final_model","XO","Fgfri","Igfri","Sim_Final","Fgfri+Igfri"
"Gsk3i+Igfri...498",-0.936919644628291,-0.0416398944462311,-0.530788573949167,-0.441170690392573,-0.183039476646349,-0.270689360617712,-0.0375721991220468,"Final_model","XO","Gsk3i","Igfri","Sim_Final","Gsk3i+Igfri"
"Jaki...499",-1.08447590872953,-0.285871654162318,-0.385727542019595,-0.320601637578793,-1.25662657559,-1.85837203271127,-0.257945579746965,"Final_model","XO","Jaki",NA,"Sim_Final","Jaki+NA"
"Activin+Jaki...500",-1.08447590872953,-0.426154422855603,-0.385727542019595,-0.320601637578793,-1.87327762395604,-1.85837203271127,1.13979909293807,"Final_model","XO","Activin","Jaki","Sim_Final","Activin+Jaki"
"Bmp4ri+Jaki...501",-1.1272325146839,-0.407551024476134,-0.411344334296231,-0.341893312812572,-1.79150132868664,-1.86130493425177,-0.587033059487581,"Final_model","XO","Bmp4ri","Jaki","Sim_Final","Bmp4ri+Jaki"
"Fgf4+Jaki...502",-0.978521603825241,0.0156596020030823,-0.322247072535074,-0.267839155635063,0.0688360379692002,-1.85110406704517,-0.256936772261528,"Final_model","XO","Fgf4","Jaki","Sim_Final","Fgf4+Jaki"
"Fgfri+Jaki...503",-1.28105825271601,-0.845317739677488,-0.503506045685896,-0.418494520594851,-3.71582394067395,-1.87185665448239,-0.259817270947216,"Final_model","XO","Fgfri","Jaki","Sim_Final","Fgfri+Jaki"
"Gsk3i+Jaki...504",-1.38740326793194,-0.291566667061656,-0.564816869453237,-0.469453677926986,-1.28166055308807,-1.89539372599203,-0.263084261328707,"Final_model","XO","Gsk3i","Jaki","Sim_Final","Gsk3i+Jaki"
"Igfri+Jaki...505",-1.36044414468474,-0.28878365698413,-0.551068565181207,-0.458026625452418,-1.26942707567738,-1.87730215231019,-0.260573116423513,"Final_model","XO","Igfri","Jaki","Sim_Final","Igfri+Jaki"
"Meki...506",0,3.3137282645394,0,0,-2.40303648284018,0,0,"Final_model","XO","Meki",NA,"Sim_Final","Meki+NA"
"Activin+Meki...507",0,2.97999924322645,0,0,-2.87940493547009,0,1.39774467268504,"Final_model","XO","Activin","Meki","Sim_Final","Activin+Meki"
"Bmp4ri+Meki...508",-0.0824976747748009,2.79467669397905,-0.0478624416497385,-0.0397813884149502,-3.1439363678133,-0.0162300739789538,-0.58703304204783,"Final_model","XO","Bmp4ri","Meki","Sim_Final","Bmp4ri+Meki"
"Fgf4+Meki...509",0.114904798373308,4.03667610789854,0.0666639904994904,0.0554085000250981,-1.37109282951861,0.0226056477740291,0.00313770699192032,"Final_model","XO","Fgf4","Meki","Sim_Final","Fgf4+Meki"
"Gsk3i+Meki...510",-0.761833554546042,3.22161516225979,-0.426921145080807,-0.354840148342238,-2.53451973181639,-0.251705861653244,-0.0349372532878311,"Final_model","XO","Gsk3i","Meki","Sim_Final","Gsk3i+Meki"
"Igfri+Meki...511",-0.675960027395832,3.26506201416876,-0.392169809114074,-0.325956197871262,-2.472503220534,-0.132984126902945,-0.0184584502496404,"Final_model","XO","Igfri","Meki","Sim_Final","Igfri+Meki"
"Jaki+Meki...512",-1.08447590872953,2.63364710950249,-0.385727542019595,-0.320601637578793,-3.37379175672418,-1.85837203271127,-0.257945579746965,"Final_model","XO","Jaki","Meki","Sim_Final","Jaki+Meki"
"Pi3ki...513",-1.64574269776857,-0.0498057130236607,-0.954805866437483,-0.793597270101456,-0.218934552238622,-0.323773073702021,-0.044940319662839,"Final_model","XO","Pi3ki",NA,"Sim_Final","Pi3ki+NA"
"Activin+Pi3ki...514",-1.64574269776857,-0.190088481716946,-0.954805866437483,-0.793597270101456,-0.835585600604663,-0.323773073702021,1.3528043530222,"Final_model","XO","Activin","Pi3ki","Sim_Final","Activin+Pi3ki"
"Bmp4ri+Pi3ki...515",-1.64574271363262,-0.249747451354065,-0.954805875641281,-0.793597277751292,-1.09783282108548,-0.323773076823013,-0.587033044954744,"Final_model","XO","Bmp4ri","Pi3ki","Sim_Final","Bmp4ri+Pi3ki"
"Fgf4+Pi3ki...516",-1.64574267393279,0.250607519414383,-0.954805852608743,-0.793597258607548,1.10161348407069,-0.323773069012718,-0.0449403190119549,"Final_model","XO","Fgf4","Pi3ki","Sim_Final","Fgf4+Pi3ki"
"Fgfri+Pi3ki...517",-1.6457427481263,-0.684486922448882,-0.95480589565338,-0.793597294384565,-3.00884835858783,-0.323773083609083,-0.044940321037958,"Final_model","XO","Fgfri","Pi3ki","Sim_Final","Fgfri+Pi3ki"
"Gsk3i+Pi3ki...518",-1.64757578038469,-0.0534927382750266,-0.95237560919489,-0.791577335388903,-0.235141874119885,-0.347741398337482,-0.048267168800058,"Final_model","XO","Gsk3i","Pi3ki","Sim_Final","Gsk3i+Pi3ki"
"Jaki+Pi3ki...519",-2.02179559753673,-0.295762203954395,-0.947304478004576,-0.787362409600925,-1.30010317613769,-1.92266774323072,-0.266869946899103,"Final_model","XO","Jaki","Pi3ki","Sim_Final","Jaki+Pi3ki"
"Meki+Pi3ki...520",-1.64574269776857,3.19524178171611,-0.954805866437483,-0.793597270101456,-2.5721653834615,-0.323773073702021,-0.044940319662839,"Final_model","XO","Meki","Pi3ki","Sim_Final","Meki+Pi3ki"
"NoLif...521",-0.365473681304978,-0.237863433617946,0.00616114990303851,0.00512090668439295,-1.04559339022707,-1.54628395716798,-0.214627160097331,"Final_model","XO","NoLif",NA,"Sim_Final","NoLif+NA"
"Activin+NoLif...522",-0.365473681304978,-0.378146202311232,0.00616114990303851,0.00512090668439295,-1.66224443859312,-1.54628395716798,1.1831175125877,"Final_model","XO","Activin","NoLif","Sim_Final","Activin+NoLif"
"NoLif+Bmp4ri...523",-0.417809100836601,-0.37627579096081,-0.0242021417943901,-0.0201158731149186,-1.65402253699496,-1.5565800986415,-0.587033056607305,"Final_model","XO","NoLif","Bmp4ri","Sim_Final","NoLif+Bmp4ri"
"Fgf4+NoLif...524",-0.250568882931671,0.0660272040265279,0.0728251404025291,0.0605294067094908,0.290240526066732,-1.52367830939395,-0.211489453105411,"Final_model","XO","Fgf4","NoLif","Sim_Final","Fgf4+NoLif"
"NoLif+Fgfri...525",-0.584059699307279,-0.815961522916858,-0.12065527929503,-0.100283946336785,-3.58678070884921,-1.58928719638201,-0.220596091653989,"Final_model","XO","NoLif","Fgfri","Sim_Final","NoLif+Fgfri"
"NoLif+Gsk3i...526",-0.981905599664898,-0.269193173138013,-0.339278899147296,-0.281995343378999,-1.18331177788112,-1.74994987111398,-0.2428963770909,"Final_model","XO","NoLif","Gsk3i","Sim_Final","NoLif+Gsk3i"
"NoLif+Igfri...527",-0.911702148392471,-0.254394145444285,-0.310742668353266,-0.258277145101035,-1.1182586282524,-1.65374551235049,-0.229543028752339,"Final_model","XO","NoLif","Igfri","Sim_Final","NoLif+Igfri"
"NoLif+Jaki...528",-0.837713011006401,-0.362347377664618,-0.161805436006748,-0.134486346194793,-1.59279640964391,-2.3555194192001,-0.326950584434028,"Final_model","XO","NoLif","Jaki","Sim_Final","NoLif+Jaki"
"NoLif+Meki...529",-0.365473681304978,2.74785740493998,0.00616114990303851,0.00512090668439295,-3.21076673271542,-1.54628395716798,-0.214627160097331,"Final_model","XO","NoLif","Meki","Sim_Final","NoLif+Meki"
"NoLif+Pi3ki...530",-1.76022289131409,-0.280073238946495,-0.803026537656743,-0.667444231863799,-1.23113806509791,-1.82067814975982,-0.252713596957898,"Final_model","XO","NoLif","Pi3ki","Sim_Final","NoLif+Pi3ki"
