"","Gsk3_p","Mek_p","mTor_p","Akt_p","Erk_p","Stat3_p","Smad2_p","x_status","Treatment_id","Perturbation1","Perturbation2","Category"
"Activin...1",0.433903112827476,0.772462342001224,0.775486964930284,-0.0512436233016737,-3.31013203174324,-1.18838409593008,0.374427847554188,"XX","Activin","Activin",NA,"Sim_Init"
"Bmp4ri...2",-1.04524142396177,0.0583851573137484,0.167422927881206,-6.69092784209922,-9.01717477200887,-1.85878262929878,-1.29666206937377,"XX","Bmp4ri","Bmp4ri",NA,"Sim_Init"
"Activin+Bmp4ri...3",0.463977378976241,0.750701552557812,0.682962217038779,-1.45955869355945,-6.978670845187,-0.230994891995352,-1.56982507055206,"XX","Activin+Bmp4ri","Activin","Bmp4ri","Sim_Init"
"Fgf4...4",0.942457986416636,1.86019721497942,1.1899261519411,-0.990599730741281,1.65283214884638,-0.195658846944259,0.0790774808508378,"XX","Fgf4","Fgf4",NA,"Sim_Init"
"Activin+Fgf4...5",2.13657470964846,3.49440202992742,0.474084358757913,2.45544732925733,3.16749252396741,-0.520361961345451,1.61615665666354,"XX","Activin+Fgf4","Activin","Fgf4","Sim_Init"
"Fgf4+Bmp4ri...6",0.71066933477351,2.46646106662826,1.14823327688232,-1.50275258315472,1.68563063324775,-0.157930003720519,-4.30194439017338,"XX","Fgf4+Bmp4ri","Fgf4","Bmp4ri","Sim_Init"
"Fgfri...7",1.31311805167629,-0.816454896640498,1.55001570724585,0.5935590636068,0.248837727950193,0.535669452950207,0.802553066451859,"XX","Fgfri","Fgfri",NA,"Sim_Init"
"Activin+Fgfri...8",1.6886202308678,-0.590472057114062,1.38868262253407,1.45969247530622,-0.0300700059295858,-0.999338675865621,-0.56819562843786,"XX","Activin+Fgfri","Activin","Fgfri","Sim_Init"
"Bmp4ri+Fgfri...9",1.65600668408133,0.507135993739506,1.53728031259456,1.62504500487638,0.742602085589253,-0.626504241774098,-0.549773667283809,"XX","Bmp4ri+Fgfri","Bmp4ri","Fgfri","Sim_Init"
"Fgf4+Fgfri...10",1.51968962766767,-1.39117790290052,0.988396998532518,1.68612071164779,-0.560391109728129,-0.661806885509039,-1.57894858955392,"XX","Fgf4+Fgfri","Fgf4","Fgfri","Sim_Init"
"Gsk3i...11",-4.69073113958626,0.0763769893615157,0.0560896503554356,-14.1777999701753,-1.6860442075441,0.0658279295980258,-0.250374165002713,"XX","Gsk3i","Gsk3i",NA,"Sim_Init"
"Activin+Gsk3i...12",-2.82857204837822,0.143156844544638,-0.0101587020409231,-6.71485094775419,-6.15257072307756,-0.325650430957827,1.27536361521719,"XX","Activin+Gsk3i","Activin","Gsk3i","Sim_Init"
"Bmp4ri+Gsk3i...13",-1.32769940517122,1.48021268122467,-0.155539426382653,-4.87378195037717,0.984179562374986,-1.01647885294877,0.345931299989544,"XX","Bmp4ri+Gsk3i","Bmp4ri","Gsk3i","Sim_Init"
"Fgf4+Gsk3i...14",-2.68983953027522,1.9564307684695,0.712045797369084,-6.94949891641629,2.65094036393883,-0.916256568047913,-0.767623053210181,"XX","Fgf4+Gsk3i","Fgf4","Gsk3i","Sim_Init"
"Fgfri+Gsk3i...15",-0.131730792810849,-0.484056928670398,1.14853718963829,-1.69171085039269,-0.979137527916325,-0.536985302638379,-1.47218056263886,"XX","Fgfri+Gsk3i","Fgfri","Gsk3i","Sim_Init"
"Igfri...16",0.9969703320106,-1.81953759746034,0.379164992470042,-1.31307677814899,-4.12391295327479,-0.642569933473389,-1.42915540503992,"XX","Igfri","Igfri",NA,"Sim_Init"
"Activin+Igfri...17",1.58594201242798,-0.024637304960863,0.649007951818623,1.50623548705207,-2.0109205729403,0.396250326954933,1.28781858296739,"XX","Activin+Igfri","Activin","Igfri","Sim_Init"
"Bmp4ri+Igfri...18",1.54808732682761,-0.179897379778937,0.655275660324295,-0.620330842921436,-2.0377893207183,-1.10540268306877,-2.95338706612852,"XX","Bmp4ri+Igfri","Bmp4ri","Igfri","Sim_Init"
"Fgf4+Igfri...19",2.18405542349614,1.26071560816643,0.672924284462221,2.95077215595837,2.12374917732417,0.476390625618905,-0.314579383753401,"XX","Fgf4+Igfri","Fgf4","Igfri","Sim_Init"
"Fgfri+Igfri...20",2.96344686949649,-0.756313492959923,1.05956173622317,4.72885361336617,1.68818828475256,-1.41113622456894,-3.03843179654761,"XX","Fgfri+Igfri","Fgfri","Igfri","Sim_Init"
"Gsk3i+Igfri...21",-1.42631715950072,0.451644991549975,-0.434384508924249,-3.51251820643065,-1.15765415613351,-0.601811483694387,-0.0729620579676864,"XX","Gsk3i+Igfri","Gsk3i","Igfri","Sim_Init"
"Jaki...22",-2.79709537123316,0.118000070400658,-0.0777306602888882,-11.6167475422304,-3.28378584280691,-0.516946111955459,0.171463601056192,"XX","Jaki","Jaki",NA,"Sim_Init"
"Activin+Jaki...23",-1.81194504631343,0.159847795517437,-0.183921243363498,-3.73671990950669,-8.23495588515802,0.828199775228122,1.31378686465099,"XX","Activin+Jaki","Activin","Jaki","Sim_Init"
"Bmp4ri+Jaki...24",-2.0123760146188,2.00100258846637,0.325043720660777,-7.65829587111198,-0.612431927060081,-0.198885926557255,-2.44439947753393,"XX","Bmp4ri+Jaki","Bmp4ri","Jaki","Sim_Init"
"Fgf4+Jaki...25",-0.872885460519496,2.27842889421338,0.247362820769989,-4.19705333899624,1.34131594206874,0.0272715080518744,-2.23225695689225,"XX","Fgf4+Jaki","Fgf4","Jaki","Sim_Init"
"Fgfri+Jaki...26",-0.59488962517828,-1.38179169660052,0.63398484197439,0.415603355112631,-2.90419148576059,0.482905706083775,-1.09266729614419,"XX","Fgfri+Jaki","Fgfri","Jaki","Sim_Init"
"Gsk3i+Jaki...27",-5.84165489944339,1.52824687083984,-0.730691942444277,-14.908921987695,-1.10050703199181,-0.90394257092329,-0.0564476308795789,"XX","Gsk3i+Jaki","Gsk3i","Jaki","Sim_Init"
"Igfri+Jaki...28",-0.623880896280063,0.238911627202607,-1.03800548640871,-1.22573265325243,-0.983173091330945,0.319968218232821,0.0908033046348315,"XX","Igfri+Jaki","Igfri","Jaki","Sim_Init"
"Meki...29",-0.314771630322136,2.12998239863329,0.17426658965693,-6.2736420578436,2.14012040428764,0.837934581383704,0.176979680735304,"XX","Meki","Meki",NA,"Sim_Init"
"Activin+Meki...30",-1.09760669460427,1.73585469457308,-0.148274838904278,-2.27213087489838,-0.0497454674853084,-0.647315969208385,0.376087436770874,"XX","Activin+Meki","Activin","Meki","Sim_Init"
"Bmp4ri+Meki...31",0.0582383702499745,1.92749970592156,-0.0416826419927513,-1.42404388356273,-1.69406173640794,-0.648052748684702,1.02649217127843,"XX","Bmp4ri+Meki","Bmp4ri","Meki","Sim_Init"
"Fgf4+Meki...32",1.18780233998842,2.71809877425685,0.843227627616798,1.43716992096558,-1.01573109165027,-0.30126092050897,-0.492202937626069,"XX","Fgf4+Meki","Fgf4","Meki","Sim_Init"
"Gsk3i+Meki...33",-1.76281777306486,2.54377898829324,0.310449082938858,-7.32721493598071,0.245191691029962,-0.109693823107335,-0.169856402178199,"XX","Gsk3i+Meki","Gsk3i","Meki","Sim_Init"
"Igfri+Meki...34",1.70924943224711,1.41330037975047,-0.015082157593054,3.7650033698578,1.86903113536431,-1.02813677595448,0.0660304786584981,"XX","Igfri+Meki","Igfri","Meki","Sim_Init"
"Jaki+Meki...35",-1.01104261859573,1.65316511989915,-0.309434255315888,-1.19648101366402,-0.45554891643289,0.505384606143808,-0.240985304662006,"XX","Jaki+Meki","Jaki","Meki","Sim_Init"
"Pi3ki...36",-0.24300404023228,0.639254618961282,-0.276863401392316,0.122510165464317,-0.799998397248466,-0.931079625473771,-0.707900988528918,"XX","Pi3ki","Pi3ki",NA,"Sim_Init"
"Activin+Pi3ki...37",0.302157654409829,0.867998385750265,-0.0838470660814908,1.14194041987883,-0.483872971782877,-0.14575473067297,1.52369987662161,"XX","Activin+Pi3ki","Activin","Pi3ki","Sim_Init"
"Bmp4ri+Pi3ki...38",-0.0392857507496694,1.03487727262328,-0.337320730159125,0.509392186182882,-1.47075084615864,-1.69693301432376,-4.16659079553755,"XX","Bmp4ri+Pi3ki","Bmp4ri","Pi3ki","Sim_Init"
"Fgf4+Pi3ki...39",-0.0753307158672692,2.41760376377612,-0.723186066854357,0.688691922698795,2.42205245172903,-1.34982275371966,1.58630686664563,"XX","Fgf4+Pi3ki","Fgf4","Pi3ki","Sim_Init"
"Fgfri+Pi3ki...40",-0.389033036138469,1.02875565454415,-0.559757326360621,0.670350250564751,2.14640498744109,-3.07821724939302,-0.864936198606171,"XX","Fgfri+Pi3ki","Fgfri","Pi3ki","Sim_Init"
"Gsk3i+Pi3ki...41",-1.73252757350432,1.50589239622781,-0.107902682539171,0.373522969090992,0.436673106124704,-1.4457486554834,-0.375792304065377,"XX","Gsk3i+Pi3ki","Gsk3i","Pi3ki","Sim_Init"
"Jaki+Pi3ki...42",-3.31822780606016,0.797389443364793,-1.24626480368093,0.2004162144283,-0.251948654750229,-0.467031634536457,0.381759150334523,"XX","Jaki+Pi3ki","Jaki","Pi3ki","Sim_Init"
"Meki+Pi3ki...43",-0.196565736507117,2.30346165260928,-1.84599178646806,1.4192469299031,1.66959352025821,-0.915755356734706,0.736385001037949,"XX","Meki+Pi3ki","Meki","Pi3ki","Sim_Init"
"NoLif...44",-0.573994018239897,-0.259375563091219,0.150701002653939,-2.04937700277371,-2.97711132688604,0.404610731352388,-0.277299389837291,"XX","NoLif","NoLif",NA,"Sim_Init"
"Activin+NoLif...45",-0.137276833808386,1.28880561081054,-0.583819194024007,2.48068867990901,-0.388965239758784,-0.157053134444316,-2.49096426206109,"XX","Activin+NoLif","Activin","NoLif","Sim_Init"
"NoLif+Bmp4ri...46",-0.757328699380622,0.609377593968815,0.463770952616921,-3.18625613738814,-1.59125137986031,-0.137721991579439,-2.30405829595323,"XX","NoLif+Bmp4ri","NoLif","Bmp4ri","Sim_Init"
"Fgf4+NoLif...47",1.46917054134168,2.37430580017157,0.227192847001092,3.36903234589252,2.67183727726691,-1.81665051777336,0.0269313636891666,"XX","Fgf4+NoLif","Fgf4","NoLif","Sim_Init"
"NoLif+Fgfri...48",1.63721447600457,-1.28741483274009,0.935696899712546,0.523134671264615,0.918281103342498,0.681596673829398,1.46378178273925,"XX","NoLif+Fgfri","NoLif","Fgfri","Sim_Init"
"NoLif+Gsk3i...49",-3.12657169951241,0.670489252704703,-0.0837006816883164,-8.36037668951729,-2.89952120269864,0.108382750818892,-2.72048498432525,"XX","NoLif+Gsk3i","NoLif","Gsk3i","Sim_Init"
"NoLif+Igfri...50",1.26650040810738,-0.560749845702457,0.195555696633096,1.26258327704592,-1.22470021147597,1.64037516349536,-1.74758527929373,"XX","NoLif+Igfri","NoLif","Igfri","Sim_Init"
"NoLif+Jaki...51",-2.85604496758355,0.721376579229619,-0.549359604590681,-7.00153381648423,-1.66544342999829,0.373667730379283,-2.83106982040606,"XX","NoLif+Jaki","NoLif","Jaki","Sim_Init"
"NoLif+Meki...52",0.629807435983675,1.89119948005012,0.124902892064183,-2.79220074353984,1.1797922232743,-0.465567587778779,-1.55720177684864,"XX","NoLif+Meki","NoLif","Meki","Sim_Init"
"NoLif+Pi3ki...53",0.787347918392597,0.795408040362171,0.203523528355177,0.520387882954445,-0.746415604882607,1.04610345947634,-0.444908149616198,"XX","NoLif+Pi3ki","NoLif","Pi3ki","Sim_Init"
"Activin...54",-0.456443742053805,-1.1178236677267,0.180952319379087,0.0543097908289657,-4.23723576801631,-0.0586765394987647,2.00814381839493,"XO","Activin","Activin",NA,"Sim_Init"
"Bmp4ri...55",-0.530517349847356,-0.881773054993674,0.26558841760759,-0.278756831290135,-7.40453073980625,0.0952163757169784,-0.767773540071123,"XO","Bmp4ri","Bmp4ri",NA,"Sim_Init"
"Activin+Bmp4ri...56",-0.971281950280705,-1.64854392927408,0.198478228316548,0.0110033902743692,-8.01243634282326,0.040925057430485,-4.84175853347835,"XO","Activin+Bmp4ri","Activin","Bmp4ri","Sim_Init"
"Fgf4...57",-1.20569737482597,1.3961136182267,-0.14838175363754,-0.683526636399418,1.59061166559535,-0.270744327922212,0.588198991601767,"XO","Fgf4","Fgf4",NA,"Sim_Init"
"Activin+Fgf4...58",-0.139877336330615,3.12066780764749,-0.0693159401315184,-0.257291806240497,2.20834454164651,-0.833307076856527,0.709230896915692,"XO","Activin+Fgf4","Activin","Fgf4","Sim_Init"
"Fgf4+Bmp4ri...59",-1.61900831519054,-0.0303899050254236,-0.018815413836389,-0.828104896674693,1.50107398943346,2.06605110103063,-1.08225728428161,"XO","Fgf4+Bmp4ri","Fgf4","Bmp4ri","Sim_Init"
"Fgfri...60",0.628670266988046,-0.195212670933613,1.06056459821601,1.44348650438474,1.26551715016661,0.571119538496567,-1.01016825998348,"XO","Fgfri","Fgfri",NA,"Sim_Init"
"Activin+Fgfri...61",0.620705553667293,-0.428735239571456,0.248344605879696,0.279217230210573,1.34179226007735,-0.309605959970378,1.23482101591592,"XO","Activin+Fgfri","Activin","Fgfri","Sim_Init"
"Bmp4ri+Fgfri...62",0.90970251773612,-0.811154896129924,0.933057078305256,0.389770421101689,0.892742087287774,-0.512969657249543,-2.54960784975879,"XO","Bmp4ri+Fgfri","Bmp4ri","Fgfri","Sim_Init"
"Fgf4+Fgfri...63",1.05063096337001,0.1643796612985,0.876555894024534,0.00996336060488849,1.89337047433912,0.629517192783055,-0.691041856348203,"XO","Fgf4+Fgfri","Fgf4","Fgfri","Sim_Init"
"Gsk3i...64",-3.75158884036183,-0.832228484699793,-0.582823541844301,-1.41380073665107,0.333734857097792,-1.72763618361922,1.17264323511525,"XO","Gsk3i","Gsk3i",NA,"Sim_Init"
"Activin+Gsk3i...65",-3.86370316643193,-0.88725641205364,-0.471923844064472,-1.25685863609273,-4.01608645278624,-0.0775954513310012,2.05076087679056,"XO","Activin+Gsk3i","Activin","Gsk3i","Sim_Init"
"Bmp4ri+Gsk3i...66",-4.16203955187503,0.890266957766652,0.100816709297085,-0.41377396059332,1.31592374717119,-3.5703204130827,-1.71480907598807,"XO","Bmp4ri+Gsk3i","Bmp4ri","Gsk3i","Sim_Init"
"Fgf4+Gsk3i...67",-4.7408858728614,1.9121685192811,0.779221963580982,-1.30199976526334,2.08900576850228,-3.75287232680663,-0.243664727696514,"XO","Fgf4+Gsk3i","Fgf4","Gsk3i","Sim_Init"
"Fgfri+Gsk3i...68",-1.00626230305796,0.0481720845572232,-0.0390099906608229,0.0971486298055924,0.892394884104153,-1.98531631878389,-0.65673122525965,"XO","Fgfri+Gsk3i","Fgfri","Gsk3i","Sim_Init"
"Igfri...69",0.815331581597928,-0.696857195084529,-0.564286896083977,-0.323188755736826,-2.6008106709358,0.129349029750608,-1.01705144339654,"XO","Igfri","Igfri",NA,"Sim_Init"
"Activin+Igfri...70",0.71327126491142,0.222525391796416,-0.844385413822555,0.052164442451028,-3.49179395747931,0.587299516954506,1.38279900092889,"XO","Activin+Igfri","Activin","Igfri","Sim_Init"
"Bmp4ri+Igfri...71",0.789452665967868,-0.349949287692332,0.324315353357531,-0.910369878292649,-1.17057200636447,-0.562194733099249,-2.4682150563654,"XO","Bmp4ri+Igfri","Bmp4ri","Igfri","Sim_Init"
"Fgf4+Igfri...72",1.05556723867179,1.62721044602609,-0.128312805153139,-0.576981927386645,1.50440003830473,0.478577575582902,0.252805644541854,"XO","Fgf4+Igfri","Fgf4","Igfri","Sim_Init"
"Fgfri+Igfri...73",2.53648168859366,1.02622859514447,0.832482726041821,0.894911782684617,2.0719502140196,-0.442634583056422,-1.40244313982392,"XO","Fgfri+Igfri","Fgfri","Igfri","Sim_Init"
"Gsk3i+Igfri...74",-0.457942793002871,-0.0795174653287243,-0.175587716339409,-1.002090685049,-0.968995784395857,-3.58463128684931,-0.841038565768721,"XO","Gsk3i+Igfri","Gsk3i","Igfri","Sim_Init"
"Jaki...75",-5.72988700996036,-0.29166988069498,-2.08438318390443,-1.19533871165804,0.766750843211644,1.81527672479408,-1.23800913054742,"XO","Jaki","Jaki",NA,"Sim_Init"
"Activin+Jaki...76",-5.6315192845318,-0.810879624872956,-1.76136824432817,-0.561753102183821,-7.93423736774999,1.2221631914489,0.965217453489586,"XO","Activin+Jaki","Activin","Jaki","Sim_Init"
"Bmp4ri+Jaki...77",-5.3825805165984,-0.52797169153441,-2.28995881997519,-1.25099282364238,0.45507781326369,0.0372140878257379,-4.05630782826204,"XO","Bmp4ri+Jaki","Bmp4ri","Jaki","Sim_Init"
"Fgf4+Jaki...78",-6.52246543622037,0.840583578238851,-2.16542254740055,-1.28072652896214,0.59896445080245,-2.28067071963226,-0.821995663996453,"XO","Fgf4+Jaki","Fgf4","Jaki","Sim_Init"
"Fgfri+Jaki...79",-2.59314515471989,-0.447953698012494,-1.20198692942766,-0.102296949826416,-1.77420801154569,-0.0803674937163894,-2.54050193570763,"XO","Fgfri+Jaki","Fgfri","Jaki","Sim_Init"
"Gsk3i+Jaki...80",-5.93051435156616,0.598516678950106,-1.86158156968725,-1.35654442744479,0.77654585750266,-0.49378696878278,0.0148374390152716,"XO","Gsk3i+Jaki","Gsk3i","Jaki","Sim_Init"
"Igfri+Jaki...81",-1.05162952359334,0.213046474441988,-1.13797828156819,-0.888036919835171,-0.450815264929507,1.47769126750967,-2.72811597507695,"XO","Igfri+Jaki","Igfri","Jaki","Sim_Init"
"Meki...82",-1.21918841377976,5.25670548857469,-0.420233498498534,0.010765090038852,1.69723509728834,-0.167586662699233,-0.420929941834292,"XO","Meki","Meki",NA,"Sim_Init"
"Activin+Meki...83",-0.169391277127915,5.54187591654973,0.0725916677259234,0.378277817429347,1.02825014685422,-0.585741808693417,0.591077117019202,"XO","Activin+Meki","Activin","Meki","Sim_Init"
"Bmp4ri+Meki...84",0.017445283045165,5.32249838857614,-0.132209295545699,0.856476378082336,0.540241832276237,-1.5482875581964,-2.06974639386509,"XO","Bmp4ri+Meki","Bmp4ri","Meki","Sim_Init"
"Fgf4+Meki...85",-0.38212870772537,5.81726429930244,1.09451375544395,-0.128326390900774,2.49960709350268,0.375599820533738,-1.32756494947215,"XO","Fgf4+Meki","Fgf4","Meki","Sim_Init"
"Gsk3i+Meki...86",-2.1174179849137,5.53495242902705,-1.28592449012151,0.0605709543407275,1.44906808453881,-1.23950742357969,-0.645713710307625,"XO","Gsk3i+Meki","Gsk3i","Meki","Sim_Init"
"Igfri+Meki...87",1.18590637312114,5.37325730666855,-0.665322631767415,1.18557097308336,2.16239590555071,-0.0861427030544882,0.516741475626888,"XO","Igfri+Meki","Igfri","Meki","Sim_Init"
"Jaki+Meki...88",-3.55329893071453,5.15796219423913,-2.39648170624121,0.0785270605694589,0.97117788679266,-0.133519836328134,-0.874489482402546,"XO","Jaki+Meki","Jaki","Meki","Sim_Init"
"Pi3ki...89",-0.293615077192,-0.207373169532308,0.0630294049596366,0.0958835020840895,-1.35466935425996,0.357997657827781,-1.48149151858728,"XO","Pi3ki","Pi3ki",NA,"Sim_Init"
"Activin+Pi3ki...90",-0.298729435315566,0.253936072160975,-1.11877733041509,-0.764561997130879,-2.37113356437404,0.263361316336759,2.53180596231938,"XO","Activin+Pi3ki","Activin","Pi3ki","Sim_Init"
"Bmp4ri+Pi3ki...91",0.267704053276116,-0.77936263232344,0.184105336701903,0.00588523650907556,-0.734633201463723,-0.618610364534035,-3.80385120525475,"XO","Bmp4ri+Pi3ki","Bmp4ri","Pi3ki","Sim_Init"
"Fgf4+Pi3ki...92",0.670334460564587,1.95960644989692,1.07981500200349,0.333631394453616,1.77835635980239,1.2321433079854,-0.382756565503535,"XO","Fgf4+Pi3ki","Fgf4","Pi3ki","Sim_Init"
"Fgfri+Pi3ki...93",0.153944175434315,1.05646784238766,0.0488085493468331,0.192005345283329,2.2517150434332,-1.79194074519558,-0.1981020456789,"XO","Fgfri+Pi3ki","Fgfri","Pi3ki","Sim_Init"
"Gsk3i+Pi3ki...94",0.0849041311125478,0.188434790822212,0.547954554392651,0.266996473254581,1.02137051954263,-3.1955365190446,-0.174688396398766,"XO","Gsk3i+Pi3ki","Gsk3i","Pi3ki","Sim_Init"
"Jaki+Pi3ki...95",-0.778468226198637,-0.583356118676944,1.06705278361162,0.20842848232281,-0.689284234489589,0.56664148247304,-2.16282580639918,"XO","Jaki+Pi3ki","Jaki","Pi3ki","Sim_Init"
"Meki+Pi3ki...96",-0.202760277367534,5.59008295881107,-0.996774924077349,0.224682960169242,2.43373286335302,-0.905735247923269,2.25930316372284,"XO","Meki+Pi3ki","Meki","Pi3ki","Sim_Init"
"NoLif...97",-0.642607197297447,-1.85988676571337,-0.0185007302069699,0.106901107475764,-9.05105638431115,-0.164991633940595,0.632755845485338,"XO","NoLif","NoLif",NA,"Sim_Init"
"Activin+NoLif...98",0.264271862124026,0.504097769073402,-0.201667341986854,0.177362632488265,2.02651730597343,2.53580711495838,0.478014777620185,"XO","Activin+NoLif","Activin","NoLif","Sim_Init"
"NoLif+Bmp4ri...99",-1.06978994797126,-1.77466345114248,0.180577237625745,-0.0151872536431698,-7.73939418057754,-0.181665338639334,-2.41289715711227,"XO","NoLif+Bmp4ri","NoLif","Bmp4ri","Sim_Init"
"Fgf4+NoLif...100",-0.547632755099038,2.09478920365184,-0.223784911556534,-0.141151167555209,1.77109618363442,-2.86175382490439,0.234637673741466,"XO","Fgf4+NoLif","Fgf4","NoLif","Sim_Init"
"NoLif+Fgfri...101",0.397242687909505,-0.210613279392571,0.278148112011099,0.441917239638106,-1.69292877977173,1.21827670101394,0.250233584365845,"XO","NoLif+Fgfri","NoLif","Fgfri","Sim_Init"
"NoLif+Gsk3i...102",-4.25910954854858,-1.67388428530445,-1.21707337064964,-0.779464676710996,-2.78266910659653,-0.198407886289284,-0.871250761008798,"XO","NoLif+Gsk3i","NoLif","Gsk3i","Sim_Init"
"NoLif+Igfri...103",0.416434423394633,-1.01517335453917,-0.79925230871334,0.113819468895293,-2.86783789024211,0.92882927649501,-0.878659906817569,"XO","NoLif+Igfri","NoLif","Igfri","Sim_Init"
"NoLif+Jaki...104",-5.08502057363444,-0.733728703102853,-0.374406422135916,-0.542263359939573,-9.679346083051,2.47878136545667e-07,-2.7573535941335,"XO","NoLif+Jaki","NoLif","Jaki","Sim_Init"
"NoLif+Meki...105",-0.65035877077847,5.33375023097849,-0.535227391292082,0.418606283560355,-2.83557258992885,1.64729640951761,-0.0523272439544817,"XO","NoLif+Meki","NoLif","Meki","Sim_Init"
"NoLif+Pi3ki...106",-0.0593183910562611,-0.864722153900776,0.952204598426644,0.175411322749432,-5.9241453711309,0.405757776750662,-0.502097044865828,"XO","NoLif+Pi3ki","NoLif","Pi3ki","Sim_Init"
"Activin...107",0.433903112827476,1.37462122473118,0.775486964930284,-0.0512436233016737,-0.817051975309194,-1.18838409593008,-0.221583980943164,"XX","Activin","Activin",NA,"Sim_Final"
"Bmp4ri...108",-0.28117392167781,1.18386652641681,0.493202412707944,-3.91091221439388,-2.37201545599514,-1.66297577017944,0.406196237387804,"XX","Bmp4ri","Bmp4ri",NA,"Sim_Final"
"Activin+Bmp4ri...109",1.06719252453255,2.24013389889798,0.980544316956518,0.185561678205491,0.468415386717184,-0.0751168427978956,-0.418818235746432,"XX","Activin+Bmp4ri","Activin","Bmp4ri","Sim_Final"
"Fgf4...110",-0.0840902105721335,0.776767811166208,0.694588902901453,-4.39354825686032,-0.688518353164426,-0.116260870459185,0.0932251146998426,"XX","Fgf4","Fgf4",NA,"Sim_Final"
"Activin+Fgf4...111",1.34661314642114,3.1973031404655,-0.0931210717210237,0.700824156215024,2.89369483320471,-0.436884350913517,1.16051477986894,"XX","Activin+Fgf4","Activin","Fgf4","Sim_Final"
"Fgf4+Bmp4ri...112",0.323552060875104,2.38128823347383,0.94554854713936,-2.72422926242755,1.74422639859953,0.0717930272193472,-1.90942126191771,"XX","Fgf4+Bmp4ri","Fgf4","Bmp4ri","Sim_Final"
"Fgfri...113",0.622890465654059,-1.09981107307433,1.18021149434705,-1.25441415083392,0.504215472835867,0.937887318069757,0.875712328502807,"XX","Fgfri","Fgfri",NA,"Sim_Final"
"Activin+Fgfri...114",1.052269837499,-0.0782297213787966,1.00583392889202,-0.0988515340297088,1.53619217816279,-0.486633762368888,-1.16038312534867,"XX","Activin+Fgfri","Activin","Fgfri","Sim_Final"
"Bmp4ri+Fgfri...115",1.17845972957707,0.614042970027872,1.24626616410675,0.530737195763829,1.53917179367182,-0.095897410441322,0.981689636919505,"XX","Bmp4ri+Fgfri","Bmp4ri","Fgfri","Sim_Final"
"Fgf4+Fgfri...116",0.739382063940086,-1.88633392490504,0.505428244009899,-0.0914195194231951,-0.539827575156253,-0.149475819731092,-1.4676901973852,"XX","Fgf4+Fgfri","Fgf4","Fgfri","Sim_Final"
"Gsk3i...117",-0.898283490984051,0.117541835544251,1.23247810567806,-1.83028801025598,-1.55187814670126,0.627348566967321,-0.136493610858988,"XX","Gsk3i","Gsk3i",NA,"Sim_Final"
"Activin+Gsk3i...118",0.310847727574104,0.852258568522662,1.17907393403939,1.09364951599611,-2.54131210186186,0.272157254427476,0.868350307034012,"XX","Activin+Gsk3i","Activin","Gsk3i","Sim_Final"
"Bmp4ri+Gsk3i...119",1.56919351147678,2.31685343434359,1.21231562997282,2.34465147737335,2.51552074999402,-0.270325431087329,1.67184597008616,"XX","Bmp4ri+Gsk3i","Bmp4ri","Gsk3i","Sim_Final"
"Fgf4+Gsk3i...120",-0.903466767589805,0.931013860630557,1.26405205267977,-1.86290935341673,1.3383984427834,-0.218455938672002,-0.635589737374641,"XX","Fgf4+Gsk3i","Fgf4","Gsk3i","Sim_Final"
"Fgfri+Gsk3i...121",0.74820217734566,-0.744436645075719,1.46081732244291,0.513835888679264,-0.619450139683729,0.327728524921722,-1.2789224451457,"XX","Fgfri+Gsk3i","Fgfri","Gsk3i","Sim_Final"
"Igfri...122",0.566086288944366,-1.76137805475204,0.0664735203621774,-2.70899810060764,-3.91859428422412,0.0297739047008401,-1.28407120250344,"XX","Igfri","Igfri",NA,"Sim_Final"
"Activin+Igfri...123",1.20455878365376,0.707168275221833,0.351004741567406,0.639511871263952,0.144069430937927,0.965370100214154,0.889018650173323,"XX","Activin+Igfri","Activin","Igfri","Sim_Final"
"Bmp4ri+Igfri...124",1.43670849099494,0.953156858825852,0.518361941960022,-0.959698162463756,0.988375175551462,-0.306292960623083,-0.8703289513193,"XX","Bmp4ri+Igfri","Bmp4ri","Igfri","Sim_Final"
"Fgf4+Igfri...125",0.869530542713904,0.067122690539209,-0.284916052649719,0.223258126583346,0.329515258010805,1.07206935592146,-0.182939886622629,"XX","Fgf4+Igfri","Fgf4","Igfri","Sim_Final"
"Fgfri+Igfri...126",1.53847603224982,-1.02656844917451,-0.119552586299325,3.0135170962319,1.8587179822811,-0.396254926844263,-2.79604512466946,"XX","Fgfri+Igfri","Fgfri","Igfri","Sim_Final"
"Gsk3i+Igfri...127",-0.911873827338397,0.506891330062181,-0.288525422806267,-2.11895952786878,-0.983934980832969,0.273265498823867,0.08506900572044,"XX","Gsk3i+Igfri","Gsk3i","Igfri","Sim_Final"
"Jaki...128",-0.173253911271564,0.601732452847355,0.894602001956742,-2.32819144325685,-1.43276717750065,-0.698198114902673,1.35473733310331,"XX","Jaki","Jaki",NA,"Sim_Final"
"Activin+Jaki...129",0.522138482698121,1.25725037339314,0.805061152220388,1.42601140059161,-2.02695023337523,0.68366249671266,1.87046713337611,"XX","Activin+Jaki","Activin","Jaki","Sim_Final"
"Bmp4ri+Jaki...130",0.473983099085812,2.44857411861751,1.27407498941842,-0.21279808013137,0.921077767722425,-0.362629675504938,-0.478054570925196,"XX","Bmp4ri+Jaki","Bmp4ri","Jaki","Sim_Final"
"Fgf4+Jaki...131",0.192566163350228,1.68718838280872,0.664974445997037,-1.18171884903477,0.0422345516705808,-0.110587234666414,-0.565473464833797,"XX","Fgf4+Jaki","Fgf4","Jaki","Sim_Final"
"Fgfri+Jaki...132",0.458620500267155,-1.50021917891871,1.01078054633674,2.13684092620267,-1.91295049591621,0.469255292615919,0.368113433737839,"XX","Fgfri+Jaki","Fgfri","Jaki","Sim_Final"
"Gsk3i+Jaki...133",-0.286697576383222,1.90533385068626,1.08776618560441,0.618307717246775,0.222756642479296,-0.928633079149445,1.19357997330273,"XX","Gsk3i+Jaki","Gsk3i","Jaki","Sim_Final"
"Igfri+Jaki...134",0.0173134603511487,0.722583161613956,-0.799091257979824,0.142069656044761,0.311943566686608,0.311645856263107,1.31289703465158,"XX","Igfri+Jaki","Igfri","Jaki","Sim_Final"
"Meki...135",-0.314771630322136,-0.0863303388792253,0.17426658965693,-6.2736420578436,2.06498852951304,0.837934581383704,0.176979680735304,"XX","Meki","Meki",NA,"Sim_Final"
"Activin+Meki...136",-1.09760669460427,0.237235725383548,-0.148274838904278,-2.27213087489838,-0.0430772079677612,-0.647315969208385,-0.219752347233387,"XX","Activin+Meki","Activin","Meki","Sim_Final"
"Bmp4ri+Meki...137",0.704697130080708,1.06151886503572,0.295533857168988,0.213371891520833,-0.765095932985788,-0.481944481194925,2.1962242674501,"XX","Bmp4ri+Meki","Bmp4ri","Meki","Sim_Final"
"Fgf4+Meki...138",0.209863456975949,-0.355321071238999,0.313082977433281,-0.804519284353504,-1.98198583519934,-0.220536138751431,-0.476718208930768,"XX","Fgf4+Meki","Fgf4","Meki","Sim_Final"
"Gsk3i+Meki...139",1.00285990401882,0.603922558317608,1.43752252269736,0.853729071742556,0.12442204367,0.46809633745918,-0.0574143898796119,"XX","Gsk3i+Meki","Gsk3i","Meki","Sim_Final"
"Igfri+Meki...140",1.3382297199071,-1.13447089399863,-0.349233538791535,3.32226073632408,1.80078057677514,-0.317480461316873,0.182393470422941,"XX","Igfri+Meki","Igfri","Meki","Sim_Final"
"Jaki+Meki...141",1.08747500288058,-0.142092345419907,0.699227457576392,2.6362320408371,-0.237762992576833,0.352036335387099,1.02428079565695,"XX","Jaki+Meki","Jaki","Meki","Sim_Final"
"Pi3ki...142",-0.517086251761247,0.71317549782242,-0.551989864765843,-0.418693813609591,-0.577085947711367,0.308639660263607,-0.467552464518279,"XX","Pi3ki","Pi3ki",NA,"Sim_Final"
"Activin+Pi3ki...143",0.0515441875149701,1.52227361731138,-0.350676806761371,0.6926711214333,1.19229209673359,0.955961795515213,1.22544356936823,"XX","Activin+Pi3ki","Activin","Pi3ki","Sim_Final"
"Bmp4ri+Pi3ki...144",-0.0801599831447117,1.9224951214085,-0.496574366026128,0.457329785092982,1.21128282124972,-0.272345061525091,-1.80511244254458,"XX","Bmp4ri+Pi3ki","Bmp4ri","Pi3ki","Sim_Final"
"Fgf4+Pi3ki...145",-0.20948905522951,1.53586534193508,-0.943966968640294,0.459261967693842,0.968634399497454,-0.00843149694648708,1.74964728800435,"XX","Fgf4+Pi3ki","Fgf4","Pi3ki","Sim_Final"
"Fgfri+Pi3ki...146",0.105351390289244,0.837087855846247,-0.438223357153839,1.55234671157173,2.29394428204249,-1.26145712663694,-0.585797973353772,"XX","Fgfri+Pi3ki","Fgfri","Pi3ki","Sim_Final"
"Gsk3i+Pi3ki...147",-1.84444181056897,1.57022722793543,-0.285565123321445,0.224509433963291,0.608463396803213,-0.0748556834796298,-0.139520608260178,"XX","Gsk3i+Pi3ki","Gsk3i","Pi3ki","Sim_Final"
"Jaki+Pi3ki...148",-2.6131142142189,1.24487355231223,-1.13911434286169,1.07776291663342,0.877698065588592,-0.29214660750911,1.56888803690876,"XX","Jaki+Pi3ki","Jaki","Pi3ki","Sim_Final"
"Meki+Pi3ki...149",-0.468648818783098,0.282272937481216,-2.18856654669553,0.994985801780996,1.61114605237545,0.321271041781007,0.925921018758125,"XX","Meki+Pi3ki","Meki","Pi3ki","Sim_Final"
"NoLif...150",-0.00966146193271314,0.146795839676706,0.391922337760046,-0.708313060479394,-1.54585213174051,0.0936106512462435,0.742429652575966,"XX","NoLif","NoLif",NA,"Sim_Final"
"Activin+NoLif...151",0.390259053653158,2.10589966193868,-0.312934164002429,3.07844754425552,1.71667430957319,-0.498595973217369,-1.86937011673268,"XX","Activin+NoLif","Activin","NoLif","Sim_Final"
"NoLif+Bmp4ri...152",0.0555070894117998,1.30278737131811,0.793555276924186,-1.047554796418,0.510363052576305,-0.423611211250203,-0.369942128966578,"XX","NoLif+Bmp4ri","NoLif","Bmp4ri","Sim_Final"
"Fgf4+NoLif...153",1.01686057465807,1.7207316511786,-0.102759787726643,2.71959631786903,1.87684774579281,-2.14325118615985,1.01019068274203,"XX","Fgf4+NoLif","Fgf4","NoLif","Sim_Final"
"NoLif+Fgfri...154",1.30569611587105,-1.43883942500655,0.674485743141284,-0.473861958742702,1.32312231875834,0.768981110892484,2.25602198965753,"XX","NoLif+Fgfri","NoLif","Fgfri","Sim_Final"
"NoLif+Gsk3i...155",0.412150650339504,1.04922527787064,1.2306861320505,0.975786503312654,-1.36574627918479,0.320102294867889,-1.19019946266989,"XX","NoLif+Gsk3i","NoLif","Gsk3i","Sim_Final"
"NoLif+Igfri...156",1.10208998727936,-0.0934782300670252,0.00249930570133067,0.852903817234442,-0.0526512165712259,1.82802599906428,-0.377288367162568,"XX","NoLif+Igfri","NoLif","Igfri","Sim_Final"
"NoLif+Jaki...157",-0.78535688424958,1.27309059996698,0.243417713555287,-1.44991326115136,0.116024269975253,1.91184926247593,-0.614981451377258,"XX","NoLif+Jaki","NoLif","Jaki","Sim_Final"
"NoLif+Meki...158",1.09271077208597,0.0562967452960512,0.367166087265344,-1.32925233042154,1.26609663931257,-0.823887155601478,-0.33357509444569,"XX","NoLif+Meki","NoLif","Meki","Sim_Final"
"NoLif+Pi3ki...159",0.735822482023281,1.19748009210821,0.0320442438939967,0.364107959022235,0.39650111919491,1.65649786886032,0.783716682177754,"XX","NoLif+Pi3ki","NoLif","Pi3ki","Sim_Final"
"Activin...160",-0.456443742053805,-0.446831232362102,0.180952319379087,0.0543097908289657,-1.6379568658625,-0.0586765394987647,1.15053597753583,"XO","Activin","Activin",NA,"Sim_Final"
"Bmp4ri...161",-0.227531015987538,0.101466369436272,0.456747817008691,-0.179299586387037,-2.23737196941151,0.161170446807537,1.53598143494066,"XO","Bmp4ri","Bmp4ri",NA,"Sim_Final"
"Activin+Bmp4ri...162",-0.643798446862651,0.0614045728642182,0.391827529695239,0.102579836635002,-0.537615108351969,0.107486473951446,-2.69725920541893,"XO","Activin+Bmp4ri","Activin","Bmp4ri","Sim_Final"
"Fgf4...163",-1.84623550955773,0.151971645473448,-0.516574724636363,-0.878602661602194,-1.31372799671164,-0.369631437109186,0.57614671613771,"XO","Fgf4","Fgf4",NA,"Sim_Final"
"Activin+Fgf4...164",-0.66898457833547,2.68185569583078,-0.432867491443573,-0.431896054988646,1.38275907552073,-0.941078426829162,-0.433290726417845,"XO","Activin+Fgf4","Activin","Fgf4","Sim_Final"
"Fgf4+Bmp4ri...165",-1.89918767561196,-0.55348480253438,-0.166080603606723,-0.909600236600149,0.777032693060812,2.04890490386209,1.32662628486645,"XO","Fgf4+Bmp4ri","Fgf4","Bmp4ri","Sim_Final"
"Fgfri...166",-0.975148240876434,-0.955131952557616,0.132984366028477,1.18060345580615,0.688961903327086,0.751353256207953,-0.97675811178576,"XO","Fgfri","Fgfri",NA,"Sim_Final"
"Activin+Fgfri...167",-0.986088980828785,-0.536580372700196,-0.828035831116284,-0.141873462998218,1.63912742400262,-0.100084042441689,0.243734893983986,"XO","Activin+Fgfri","Activin","Fgfri","Sim_Final"
"Bmp4ri+Fgfri...168",-0.383236984680884,-0.9008732065005,0.116309534516149,0.0454609258690171,1.29047466729422,-0.249758291544853,0.349795521034358,"XO","Bmp4ri+Fgfri","Bmp4ri","Fgfri","Sim_Final"
"Fgf4+Fgfri...169",-0.688194937335737,-1.56879328206278,-0.280789548499698,-0.54786577341953,0.000307511762383923,0.752876033160304,-0.669059156943295,"XO","Fgf4+Fgfri","Fgf4","Fgfri","Sim_Final"
"Gsk3i...170",-0.193645786458404,-0.648024510976562,1.13507521815894,-0.36896236914925,0.656693188439412,-0.491915032841684,1.29110175259338,"XO","Gsk3i","Gsk3i",NA,"Sim_Final"
"Activin+Gsk3i...171",-0.259764799016863,-0.0691699693196735,1.2175676852479,-0.246240508075849,-0.967404519273819,0.893958659443592,1.31978894093274,"XO","Activin+Gsk3i","Activin","Gsk3i","Sim_Final"
"Bmp4ri+Gsk3i...172",-0.264585503893107,1.7011321003038,1.72906368442303,0.46010363439757,2.31985673859125,-2.0113711834591,0.905529886519101,"XO","Bmp4ri+Gsk3i","Bmp4ri","Gsk3i","Sim_Final"
"Fgf4+Gsk3i...173",-1.17650456969263,0.953046619081176,1.98893133719163,-0.401117945839322,0.437266868048439,-2.23558257437968,-0.0958073119121082,"XO","Fgf4+Gsk3i","Fgf4","Gsk3i","Sim_Final"
"Fgfri+Gsk3i...174",-0.229586594695364,-0.576063170872507,0.482016156118873,0.366998274141033,0.409392774835013,-0.634825324996255,-0.484374806880945,"XO","Fgfri+Gsk3i","Fgfri","Gsk3i","Sim_Final"
"Igfri...175",0.505894540960177,-0.60082658535655,-0.730193734036665,-0.347862163398467,-2.24811380149072,0.645500915577714,-0.926271317082459,"XO","Igfri","Igfri",NA,"Sim_Final"
"Activin+Igfri...176",0.396142033181619,0.844710302345378,-1.01724054441935,0.0299932188027489,-0.886655940776751,1.06312574787192,0.467711660651539,"XO","Activin+Igfri","Activin","Igfri","Sim_Final"
"Bmp4ri+Igfri...177",0.634194919737746,0.608664361492363,0.302531824273226,-0.86512496096193,1.05746802166549,0.0567637318668979,0.403979566192717,"XO","Bmp4ri+Igfri","Bmp4ri","Igfri","Sim_Final"
"Fgf4+Igfri...178",0.457640434342908,0.528643769475249,-0.549170093093872,-0.738072547266416,-1.24591012467561,0.912912357317484,0.319305011854541,"XO","Fgf4+Igfri","Fgf4","Igfri","Sim_Final"
"Fgfri+Igfri...179",1.17333087510092,0.460452768719053,-0.527198834393141,0.452500724064646,1.7853277687818,0.249375351165192,-1.28449761825314,"XO","Fgfri+Igfri","Fgfri","Igfri","Sim_Final"
"Gsk3i+Igfri...180",0.0937676190227026,0.0969649498328679,0.259553262847589,-0.692849181897565,-0.467963954518244,-1.94647686875043,-0.661996323647107,"XO","Gsk3i+Igfri","Gsk3i","Igfri","Sim_Final"
"Jaki...181",-0.10159362259725,0.861523670589488,-0.158703028119607,-0.284021505436043,2.20250137767169,1.6541263636226,-0.0327309938756357,"XO","Jaki","Jaki",NA,"Sim_Final"
"Activin+Jaki...182",-0.0552069894909722,0.962694154666541,0.0885303191630085,0.2233132266164,0.186973431806048,1.03812287715919,0.910835510758551,"XO","Activin+Jaki","Activin","Jaki","Sim_Final"
"Bmp4ri+Jaki...183",0.204068160937707,1.10899715514915,-0.202712403542802,-0.274283561288777,2.43259206151443,-0.179998974714278,-0.653230484633176,"XO","Bmp4ri+Jaki","Bmp4ri","Jaki","Sim_Final"
"Fgf4+Jaki...184",-1.00266048021014,0.658775513662952,-0.578364545319484,-0.524402544113408,0.205983000503397,-2.64328323404374,0.311108830238123,"XO","Fgf4+Jaki","Fgf4","Jaki","Sim_Final"
"Fgfri+Jaki...185",-0.123047992755434,-0.332530576969733,-0.631702362838877,0.164545436143146,-0.400672948979584,-0.256013392840095,-1.11258283031985,"XO","Fgfri+Jaki","Fgfri","Jaki","Sim_Final"
"Gsk3i+Jaki...186",0.772957102372045,1.60955036660868,0.725328353736153,-0.0414473335620862,2.22430716970352,-0.573419871801152,1.03316117730019,"XO","Gsk3i+Jaki","Gsk3i","Jaki","Sim_Final"
"Igfri+Jaki...187",0.924549178341962,1.28529116261225,-0.541995906174069,-0.540792488071383,1.70655346023502,1.36461601815171,-1.26540462462497,"XO","Igfri+Jaki","Igfri","Jaki","Sim_Final"
"Meki...188",-1.21918841377976,-2.4973254456875,-0.420233498498534,0.010765090038852,0.620737516443369,-0.167586662699233,-0.420929941834292,"XO","Meki","Meki",NA,"Sim_Final"
"Activin+Meki...189",-0.169391277127915,1.53302307712367,0.0725916677259234,0.378277817429347,0.538877519434984,-0.585741808693417,-0.561820173950993,"XO","Activin+Meki","Activin","Meki","Sim_Final"
"Bmp4ri+Meki...190",0.289976508857858,0.564214177555621,0.0719308152483763,0.925057941798157,0.494403592270043,-1.46394795815546,0.669244357762279,"XO","Bmp4ri+Meki","Bmp4ri","Meki","Sim_Final"
"Fgf4+Meki...191",-0.936563195985554,0.977195907861343,0.799282781908265,-0.29673651620709,0.539248341704579,0.286920065204024,-1.34378834027179,"XO","Fgf4+Meki","Fgf4","Meki","Sim_Final"
"Gsk3i+Meki...192",0.770100481315457,0.631479467546128,0.61207530925823,0.783931833163227,0.463484771612139,-0.0819343616078944,-0.483749569976628,"XO","Gsk3i+Meki","Gsk3i","Meki","Sim_Final"
"Igfri+Meki...193",0.904399209666209,-1.09089184914513,-0.833735823072879,1.17095527770893,1.49711328316367,0.448984695400736,0.588022612080276,"XO","Igfri+Meki","Igfri","Meki","Sim_Final"
"Jaki+Meki...194",0.924805963401169,0.130273285133083,-0.39758102695304,0.736008527695757,1.27188505068575,-0.369879848625696,0.271272470356402,"XO","Jaki+Meki","Jaki","Meki","Sim_Final"
"Pi3ki...195",-0.660043862685493,0.00746363602526364,0.0631795201685768,0.195010220849761,-0.708317596378648,1.49034292869717,-1.24823889839519,"XO","Pi3ki","Pi3ki",NA,"Sim_Final"
"Activin+Pi3ki...196",-0.665517607660206,0.978549931202475,-1.11859794345326,-0.639448633619423,0.0939625584144343,1.4147306135543,1.91643983756414,"XO","Activin+Pi3ki","Activin","Pi3ki","Sim_Final"
"Bmp4ri+Pi3ki...197",-0.0592806827408152,0.317927017978276,0.1842524909153,0.107730044774024,1.38078996478865,0.710055025410593,-0.485167513443383,"XO","Bmp4ri+Pi3ki","Bmp4ri","Pi3ki","Sim_Final"
"Fgf4+Pi3ki...198",0.371642500308525,1.05447906878063,1.07993988182647,0.425577773144449,-0.190578639871464,2.18876569282318,-0.183202242971554,"XO","Fgf4+Pi3ki","Fgf4","Pi3ki","Sim_Final"
"Fgfri+Pi3ki...199",-0.181034484472665,0.558378208567166,0.0489590612800228,0.288229072032007,2.06978438406817,-0.227409611868516,-0.00421108434834403,"XO","Fgfri+Pi3ki","Fgfri","Pi3ki","Sim_Final"
"Gsk3i+Pi3ki...200",-0.24835376441147,0.404475513285497,0.538692447119406,0.356728079579171,1.35443080118728,-1.22791857007928,0.0325468996605229,"XO","Gsk3i+Pi3ki","Gsk3i","Pi3ki","Sim_Final"
"Jaki+Pi3ki...201",0.22070320499089,0.659856061032394,1.04081771121331,0.29084295975425,1.64188693642906,0.602860589521314,-0.763399681477404,"XO","Jaki+Pi3ki","Jaki","Pi3ki","Sim_Final"
"Meki+Pi3ki...202",-0.562804679986055,1.23592766577324,-0.996598558949951,0.319919757070295,2.02333272676181,0.480648669382054,2.37782529164118,"XO","Meki+Pi3ki","Meki","Pi3ki","Sim_Final"
"NoLif...203",0.602440326150908,-0.646379735624689,-0.0447877068647574,0.0952693074289508,-2.7164681043636,-0.218389158105073,1.3917787902583,"XO","NoLif","NoLif",NA,"Sim_Final"
"Activin+NoLif...204",1.30637252856927,1.79983961374856,-0.228738219654458,0.16598138299279,2.85379091321358,2.50583679207158,0.244593509321148,"XO","Activin+NoLif","Activin","NoLif","Sim_Final"
"NoLif+Bmp4ri...205",0.436519823935674,0.0386182721761093,0.279445761559469,0.031797561810429,-0.251540139811467,-0.190931356456955,0.440805328459957,"XO","NoLif+Bmp4ri","NoLif","Bmp4ri","Sim_Final"
"Fgf4+NoLif...206",0.232369909059249,1.80807298716709,-0.625164532041192,-0.323292126170931,1.27362692350228,-3.07956171569184,1.03764329447546,"XO","Fgf4+NoLif","Fgf4","NoLif","Sim_Final"
"NoLif+Fgfri...207",-0.00182941741246738,-0.227284259076036,-0.905054549897945,-0.00200475683183636,-0.676423115346696,1.3182555116973,1.08303132846134,"XO","NoLif+Fgfri","NoLif","Fgfri","Sim_Final"
"NoLif+Gsk3i...208",0.272991791927343,-0.346602417765353,0.321291390402158,-0.0413048666811813,0.585679677144664,0.569853130672872,0.212641069180502,"XO","NoLif+Gsk3i","NoLif","Gsk3i","Sim_Final"
"NoLif+Igfri...209",0.807178780613154,0.138907144358957,-1.38293648500299,-0.065765779207777,0.424209875112677,1.25142981259253,0.151355769879303,"XO","NoLif+Igfri","NoLif","Igfri","Sim_Final"
"NoLif+Jaki...210",-0.677686812667528,0.789326373525868,0.315008164288722,-0.193330228984975,-1.04587634573678,0.758400694182251,-0.956446676929675,"XO","NoLif+Jaki","NoLif","Jaki","Sim_Final"
"NoLif+Meki...211",0.596423446462248,0.817319646976427,-0.563725811113485,0.408082860087977,-2.65930636644484,1.60961898918706,0.801395530707195,"XO","NoLif+Meki","NoLif","Meki","Sim_Final"
"NoLif+Pi3ki...212",-0.002666228251726,0.368394764808025,0.378624760521195,-0.0116833669995755,-0.666114529915803,1.33306796284946,0.562564843270149,"XO","NoLif+Pi3ki","NoLif","Pi3ki","Sim_Final"
