"","Treatment_id","pGsk3.XX_mean","pGsk3.XO_mean","pGsk3.XX_XO_pvalue","pGsk3.XX_0_pvalue","pGsk3.XO_0_pvalue","pMek.XX_mean","pMek.XO_mean","pMek.XX_XO_pvalue","pMek.XX_0_pvalue","pMek.XO_0_pvalue","pmTor.XX_mean","pmTor.XO_mean","pmTor.XX_XO_pvalue","pmTor.XX_0_pvalue","pmTor.XO_0_pvalue","pAkt.XX_mean","pAkt.XO_mean","pAkt.XX_XO_pvalue","pAkt.XX_0_pvalue","pAkt.XO_0_pvalue","pErk.XX_mean","pErk.XO_mean","pErk.XX_XO_pvalue","pErk.XX_0_pvalue","pErk.XO_0_pvalue","pStat3.XX_mean","pStat3.XO_mean","pStat3.XX_XO_pvalue","pStat3.XX_0_pvalue","pStat3.XO_0_pvalue","pSmad2.XX_mean","pSmad2.XO_mean","pSmad2.XX_XO_pvalue","pSmad2.XX_0_pvalue","pSmad2.XO_0_pvalue"
"1","Activin+Bmp4ri",0.111090782219343,-0.292710728449485,0.204486348117518,0.240738008868709,0.318472253262001,0.174058635648129,-0.346754343086607,0.0771559085389997,0.401013331173673,0.0180953619446496,0.170797277218273,0.0463198947644228,0.269510796661968,0.127239858202937,0.575494407452267,-0.613011193648438,0.013107051646719,0.638999900506916,0.645074759289762,0.127479457933133,-1.45661717042476,-1.81085886824325,0.15987625453411,0.0107878702502497,0.00567244605342393,-0.0645601506004153,-0.0159109396344057,0.843182450373704,0.6575196948379,0.941137550272888,0.143690661072829,0.246887916495774,0.694874661537204,0.0108428841705348,0.391267741430582
"2","Activin+Fgf4",0.26022296406774,-0.11800044526571,0.290208594030902,0.226260120202719,0.69300417465964,0.716048478835556,0.890347223022352,0.723224265001427,0.0751030671842112,0.154188886894834,-0.0652096884902287,-0.0338398710330378,0.805331218212245,0.58262496766431,0.635257033563478,-0.00545936041239195,-0.163711425660634,0.790732186095333,0.951970641761026,0.783750654665194,0.656441359624022,1.11506295609738,0.63872417877767,0.0626405867891364,0.311073426440882,-0.126829559700164,-0.19012279099798,0.65770350106626,0.386559526155394,0.079680503771156,0.90242015890425,1.26623304719203,0.251961165020446,0.0224754932800249,0.0298753087263069
"3","Activin+Fgfri",-0.276832493226039,-0.587006204752668,0.515582391909805,0.399663708542969,0.23088308559223,-1.31852623079685,-0.953951789243772,0.599622159322069,0.146545996647652,0.0530952739325683,0.000682937626989002,-0.337604434875264,0.159173953653374,0.996955046192933,0.0794047585110191,-1.13123630833716,-0.209919242771332,0.212015222870287,0.202182442493909,0.652814164865234,-3.07354419125308,-2.57384028400953,0.370456871676158,0.0122193526785582,0.0187844411720985,-0.241259163224797,-0.0758200458635077,0.462266421137932,0.311627312485647,0.379170574730301,0.294346888380111,1.44851730190153,0.0518024070023328,0.404071183123211,0.000726708433885001
"4","Activin+Gsk3i",-0.662617935872458,-0.845588312313008,0.708077228494691,0.251846598948015,0.0192801960689101,0.0187776064570673,-0.200293470381799,0.269687026138413,0.904688159220608,0.166166459083642,-0.012921590533677,-0.133343495566612,0.592695395240154,0.902326807643472,0.534138239617992,-1.22107542567044,-0.491387339966912,0.475168665066572,0.322341421564585,0.467079384578918,-1.41860356350135,-1.26414479854143,0.779123960146692,0.0567256862145412,0.0777021769456025,-0.0811438340307538,-0.0266926196089478,0.726358223340747,0.491472302981199,0.827096760573837,0.803276811356186,1.70681686501702,0.00277354679485209,0.0148231438453409,0.00309771135395887
"5","Activin+Igfri",-0.392889928507403,-0.669128377716029,0.609790791266624,0.18801358787288,0.267118780042985,-0.021394434208683,0.03574031068358,0.815626981180095,0.902777087926442,0.852244076532034,-0.256793242640095,-0.625421002316704,0.0825026510455641,0.0797749618352642,0.0392249298753927,-1.33828453355575,-0.390214100399565,0.301261966639061,0.0850737478340766,0.593826895062488,-0.679999477850093,-1.10087476836722,0.40841233042653,0.208729134628107,0.0487046466928173,0.066836232823369,0.148299860725161,0.739078834178408,0.782645191848457,0.0341671221732795,0.792495623042619,1.49250668473863,0.049507282672126,0.0454185064778911,0.000905323351029115
"6","Activin+Jaki",-0.44751824973901,-1.11904269959044,0.173233254416531,0.313048509732463,0.0243837690374658,0.0346759295019364,-0.187443641443429,0.277025905143192,0.818200609067605,0.247372391408357,-0.0478029641018552,-0.370364113669034,0.0643155879628553,0.660487437552993,0.0494925821636717,-0.859802604780995,-0.197268523589902,0.525577123165758,0.444007418181723,0.250220356370581,-1.5992464909964,-1.79847408932897,0.254826284535176,0.00153243565103716,0.00490131333811955,-1.56244441041252,-1.62858436869251,0.83151824888585,0.00453297991188374,0.0248047222884523,0.814377790161189,1.35558964421133,0.0528041178665464,0.0154374745733369,0.0130086400782643
"7","Activin+Meki",-0.307253864599248,-0.131290340162925,0.743476678308452,0.469081091679436,0.751876453857052,0.477104551150394,2.93391986132626,0.110871521653119,0.036589200196512,0.0828621492934941,-0.05169758968214,0.000629197901157559,0.789685049667679,0.639732427818655,0.997117020227752,-0.463286372901568,0.172440012990244,0.101184396971875,0.20820468939267,0.461304323548701,-7.99927334118667,-2.93797897037217,0.00875301924276157,0.00168723455729425,0.0529501614824059,-0.150228292744183,-0.179740935598353,0.921818317680668,0.225053790684904,0.557638137342849,0.544466722624818,1.25975615157854,0.0305100389957927,0.0832324742271322,0.0100945297794654
"8","Activin",0.084150540541612,-0.140133013911654,0.379446242204353,0.656068526298646,0.470650351336884,0.196004362883904,-0.242009644892115,0.00822436520357299,0.098864507075466,0.0301729552908149,0.193128709142062,0.0395009811142469,0.146543570200477,0.0495645011079735,0.624365189399881,-0.147144531967988,0.0316041553878166,0.823480072753502,0.853484481050818,0.295727170124705,-0.907934634007736,-1.27083942357997,0.425780616413812,0.079640943543696,0.0530361712321797,-0.272745472560007,-0.0285401893538291,0.312405683475529,0.21768551438323,0.862352839625299,0.562514511245629,1.65269154330847,0.0453953101242033,0.00714061746822909,0.0225505568011124
"9","Activin+Pi3ki",-1.31756595221728,-2.13541101400634,0.398606271550997,0.0565224232940256,0.104855895005582,0.188990001234646,-0.103152233771613,0.628800751989473,0.477780097102649,0.853721228729074,-0.719183990153688,-1.37752625878285,0.355006430147077,0.0235031715312766,0.129958640478675,-2.57424289341293,-1.18590848533986,0.285006312026982,0.0216417150428523,0.330681507116376,-0.307164600405994,-1.09679144493513,0.56137592632587,0.569988691661012,0.460765912038296,-0.0671418138513923,0.035559321947854,0.804703361137173,0.792911646934485,0.922783914168163,0.869786166946277,1.89097882065915,0.0114654805458165,0.0297275727741401,0.0330601219764308
"10","Bmp4ri+Gsk3i",-0.289548791601542,-0.920743567998363,0.0838366268461511,0.126063767422172,0.0524969668878984,0.340085758830531,0.207195379472421,0.722183220675137,0.375924832601146,0.323046122790179,-0.0343130520795017,-0.021650186454129,0.964310288041888,0.421793986871278,0.938739154259904,-0.848912188908146,-0.23504404009349,0.415709694222341,0.0882308387148297,0.711228283808326,0.398377111175409,0.53812238093808,0.823507998981797,0.00124424073255414,0.431752588276375,-0.228862401423022,-0.722086997419654,0.190068148200392,0.161938800917419,0.109305850809512,0.0256056776555283,-0.359444835833017,0.321070817083742,0.938703412661373,0.00984908587295538
"11","Bmp4ri",-0.228569329222031,-0.156402175685558,0.683914875111876,0.0790914271579969,0.39242237863946,0.0103554601128721,-0.193850859288726,0.13388214828899,0.917595239440447,0.0359969781224845,0.0369484590033856,0.0566213242746519,0.790002908475328,0.164273887791857,0.466901850496562,-1.12261412274255,-0.108499430813809,0.231767799406441,0.223348662851877,0.449628718778303,-1.69861166216169,-1.79277649293011,0.812778446653505,0.00659998903833454,0.0327847542303557,-0.400136722555667,-0.00479448118181677,0.203953551471496,0.127228705852279,0.983331096789522,-0.38863444329182,-0.278004598634008,0.860041586964581,0.454094380460886,0.568003926286447
"12","Fgf4+Bmp4ri",-0.162921777611415,-0.446303911055662,0.113330381770923,0.172480413199493,0.0568096685339769,0.264513917448949,-0.0400837206537116,0.0515189431078097,0.0883569378260377,0.397236827963379,0.12477872610948,-0.0225643645889895,0.109970802893546,0.121613626266644,0.713259380853216,-1.0620445662592,-0.358846222725585,0.27506203129415,0.049945349817567,0.485540514748849,-0.74354073540928,0.505458403608466,0.165674950290699,0.0167136649703254,0.48235621661204,-0.0574369311563855,0.501509289873401,0.251403373451533,0.733679403639189,0.292198427544059,-0.763995100661138,-0.276537431443133,0.0991650283927063,0.0404947447421224,0.232870044671201
"13","Fgf4+Fgfri",-0.318189997830019,-0.366730277514477,0.705830542462728,0.0514386783508973,0.0583894410948453,-1.51277790320744,-0.805579166882752,0.320956768717756,0.106942094750708,0.0626131291956465,-0.116273212548077,-0.16776256491816,0.28200031809822,0.0723817184137573,0.0196651997775531,-1.13894265258359,-0.301816322951397,0.0930643070550664,0.0508285660019742,0.35212074409341,-3.43095960033812,-2.17869185811683,0.146245269247434,0.00231458107744794,0.0602288345087732,-0.150967094332752,0.136347948354548,0.257344282511773,0.145741057327874,0.538477213126816,-0.344838892200675,-0.159317731236434,0.342085885577038,0.138593502320021,0.201615227969952
"14","Fgf4+Gsk3i",-0.915228227608276,-1.04601247037944,0.752308042902648,0.0927176988589809,0.0497518142160205,0.0696784424205069,0.467107461010626,0.233857540958446,0.654670246358484,0.185719535610492,0.0023763676295672,0.126578157968577,0.680931931095839,0.96341221783972,0.673449290624023,-1.85014071180591,-0.613943588885176,0.264701095268213,0.0663466010745618,0.491626590748828,0.00758094214593466,1.3603980271407,0.00578497982353783,0.962488778212322,0.0257369773221562,-0.206930658744065,-0.720364442897062,0.215383934634365,0.0953109977539804,0.17703018840323,-0.168121493144052,-0.0482050336273883,0.155079677130998,0.0148508098875011,0.445426171396926
"15","Fgf4+Igfri",-0.565007079367542,-0.466621457634503,0.774530081438374,0.20060025640759,0.00192326499686899,-0.220984929620043,0.386889504153711,0.210816479991157,0.583551191769159,0.148298629768944,-0.442014786083623,-0.470850302029475,0.835863893752336,0.067554877999431,0.0029122887513638,-1.53110379321555,-0.631646256950778,0.327271881691544,0.0300843564775406,0.436166954905008,-0.467661852274645,0.72493904465388,0.0338217794129369,0.152661346975929,0.130710317058689,0.0980670920228659,0.113772158884178,0.917145937011434,0.532434526580721,0.0785808827508839,-0.13603856021151,-0.056649958675004,0.891591428172093,0.663844356100564,0.914390280051055
"16","Fgf4+Jaki",-0.538517846977043,-1.25666505848365,0.0108635832059931,0.0247278592466908,0.00915292647350984,0.191505994940309,0.177311926772695,0.893166177042245,0.104118156283363,0.135765919078478,-0.120830825302464,-0.453715193371303,0.0102553017189747,0.152945011033941,0.00506964577141224,-1.49623108755257,-0.587241623471847,0.372594818314293,0.00973805030047273,0.508432844519911,-0.917473918073106,0.121107359014361,0.0508508957827919,0.100405044747173,0.708440522005669,-1.74158160285397,-2.5526196919441,0.243052871198254,0.00234082227500647,0.0356241551009792,-0.437029207872331,-0.205025940616733,0.51956327631863,0.315447975973632,0.405981189829335
"17","Fgf4+Meki",-0.039546887338616,-0.145244609881838,0.59161367269372,0.821808943065022,0.239803779974282,0.368745452085751,4.04377116761547,0.027431449450103,0.0308011135033712,0.0237395592921953,0.0363176617914298,0.232792327864672,0.464306889348298,0.56675590120285,0.396651678323172,-0.362611904634678,-0.0714991400919195,0.374692866120902,0.212162147427859,0.788805909432497,-7.47908494010462,-1.12303163376404,0.00692558155965984,0.00792876786475182,0.116570651570094,-0.0744620985087559,0.0908744456499022,0.275843893226098,0.476753247072688,0.480772048791354,-0.116355293387031,-0.284456526206894,0.206999406848926,0.298514333082945,0.13878819135715
"18","Fgf4",-0.09417446084343,-0.344961438787465,0.0425040375694977,0.109180559966715,0.0342546842631725,0.0398861107837891,0.32444255325538,0.21271660472454,0.742495713573891,0.170939664987506,0.130862568677926,-0.0542916277032155,0.145123317635234,0.251730086388661,0.434064379264168,-0.971321963632671,-0.288391160128993,0.161484961317362,0.121113339922561,0.441895921711032,-0.769157424569457,0.743075904733799,0.0508612361950887,0.0360156523929854,0.207463062386396,-0.0621464607885949,-0.0924783269963434,0.910756752037826,0.664559763380648,0.712100087096439,-0.0119319396121244,0.131530295510434,0.522209741548948,0.95456317171016,0.0693579085164044
"19","Fgf4+Pi3ki",-1.41002958678609,-1.58397117047857,0.694225677508504,0.0482446009843619,0.024822397577303,0.240073557989053,0.515515042124873,0.0816756966937919,0.065249621996838,0.0317820209734293,-0.863466926138199,-0.677992638207944,0.311780544171746,0.0243799551818554,0.00795746758405175,-2.6826485879495,-0.932011165240512,0.339424400576994,0.0205082778804025,0.534500174094303,-0.285992930654524,0.935721586631622,0.0809070526580095,0.52698395886814,0.125513658836723,-0.38369719682033,0.234930352698192,0.300076598138364,0.435758825749194,0.55300281213416,-0.401495947710886,-0.120410676855716,0.398689869901682,0.299021942252981,0.589070454414478
"20","Fgfri+Igfri",-0.590373739103214,-0.499741040576884,0.844873273122342,0.203558949196473,0.234111957464096,-1.24219659950212,-0.557576486827379,0.24667816807912,0.0999216852826469,0.0162480446111392,-0.51943494430949,-0.603970940193703,0.693102542228568,0.107017282378816,0.00057418485434336,-1.07929318839742,-0.207564837715372,0.156368168843978,0.0459409906812041,0.564272143642829,-2.24538239923332,-1.86552019006815,0.443007499404734,0.0114659824977721,0.0364905684238082,-0.389334523624012,-0.113216343038111,0.528794525501986,0.390502160120112,0.452534430609313,-0.5829270304034,-0.35262242487593,0.515932553440971,0.00693812734574517,0.35230986800917
"21","Fgfri",-0.343195271067583,-0.543984017687768,0.476235969044821,0.0440603517995591,0.139294003624269,-1.25563642755176,-0.886123381794171,0.484402807187611,0.096518650022559,0.0383158180653414,0.0568803430907133,-0.131206266828916,0.441825470702912,0.701292022352331,0.534754948121102,-1.36073782294047,0.458332320557253,0.0613037537008366,0.138612904857694,0.41642736730385,-2.96690068757551,-2.55527624177968,0.351515490339095,0.0125355106128598,0.00374889217483422,0.120291003590206,0.127386528472137,0.974228090474115,0.449114603656159,0.510658632611964,0.164972064648974,-0.228396169525204,0.234726174835464,0.558416516009917,0.172735501871538
"22","Fgfri+Pi3ki",-1.41590349227838,-1.72720873320571,0.281718226757373,0.00548434105328844,0.0147178742426203,-0.755013156274424,-0.566533506217368,0.645266688550103,0.147824906684473,0.0804771361129934,-0.822214900693091,-0.946356383982019,0.354503183481535,0.0139611568692061,0.00416725331983124,-2.72778942027514,-0.959322171257052,0.305001815154492,0.0634558535397742,0.505188948640065,-1.97015035486414,-1.58068813869038,0.419241662253485,0.0286649672017503,0.0263180862634195,-0.716695081258815,-0.384068801316336,0.528152028186106,0.242055846023843,0.0597411364627771,-0.210311046911803,-0.0599662096873426,0.540537154286376,0.346046295358927,0.717515299787287
"23","Gsk3i",-0.847847254317562,-0.835389251457206,0.966648292262466,0.0627236247575323,0.037807284419073,0.0185458169039659,-0.181495974357188,0.0569669788043235,0.784095404679848,0.0458638560033259,0.0113228169521653,-0.128753026238637,0.0939153231347415,0.83922366927811,0.0833956228397668,-1.83286210078772,-0.526233709947068,0.210501244048468,0.187104757370427,0.333351583427959,-0.64933602845894,0.152601292927312,0.220438986008083,0.29160270249187,0.217588799989359,0.0105258643653437,-0.367383036989942,0.0230935152447628,0.887988092297786,0.0948378071990113,-0.0605240311393108,0.310357086188993,0.143128697170358,0.516086859401311,0.244146951221628
"24","Igfri",-0.541768797969046,-0.529773182264702,0.935417687606925,0.0126971473495327,0.0487329860451939,-0.406436049947549,-0.159093245613317,0.388817007213995,0.213482078200967,0.126110192161888,-0.320506132997577,-0.556152656164404,0.0319723320035162,0.029705379901725,0.00426449656277019,-2.03189431112528,-0.593588864376197,0.240510206327828,0.0696732649348488,0.524130088953274,-1.09600433894405,-0.900359162429068,0.677927680050442,0.0854910378948726,0.0788102622555681,-0.153539114408387,0.00958163363112856,0.495102090518609,0.326675806978773,0.96203524854827,-0.305478078472808,-0.237851768961162,0.717842756354199,0.0409457490577872,0.266100153653603
"25","Jaki+Bmp4ri",-0.412185612096653,-1.15161948707471,0.170489419532327,0.025046175183084,0.0842293838933852,0.451169998903108,-0.133729748123025,0.28906877717085,0.387489696457333,0.373045812110378,0.0693104650899905,-0.477489323663845,0.0704653157493016,0.686882258666762,0.101924104122947,-1.16976703991697,-0.64369409475951,0.622146794259983,0.00620096517114639,0.560667478080957,-0.208277828381243,0.0252465759840594,0.722247642036002,0.138502551815883,0.968586800502007,-1.83269014774331,-1.91672889032119,0.724669426559183,0.0100194399867161,0.00381382013768349,-0.4879445595503,-0.804272135935001,0.44882937941554,0.0284350780828387,0.139427699864648
"26","Jaki+Gsk3i",-0.98278138591361,-1.24310422925131,0.576632536102572,0.0185380761316375,0.0836694810953871,0.400055334453575,0.111986343628153,0.35474927519419,0.132028678752422,0.660191649049605,-0.173504797619903,-0.408656186897501,0.391585504125563,0.276487029651786,0.186524941205733,-1.78114059478287,-0.627674615696987,0.334555811117292,0.0243386060665204,0.522867915608186,-0.371614525286966,0.337220508015689,0.116473558646354,0.198403118656952,0.35443385083771,-1.97539842438411,-2.04022883393236,0.714056090238363,0.00439794329455419,0.00228830583711617,-0.0202456778191253,-0.0263481744737617,0.98046610625217,0.870213412437998,0.90834121263415
"27","Jaki",-0.536004922915316,-1.13822207233574,0.0472224492088725,0.0415020100872993,0.020700981795018,0.0265162295830894,-0.0708092003046359,0.465795903128784,0.712919595946844,0.554406419431599,-0.0159726882877757,-0.427931475706663,0.022734714274735,0.713268996235035,0.0348570526633735,-1.601015278042,-0.498388769666399,0.202879820651637,0.171720624746528,0.417055930768535,-0.992965924726843,0.0175493198871051,0.514160790713925,0.148964224404207,0.98967565107697,-1.88648149618106,-1.39317233805181,0.0178486018382465,0.00215874228411858,0.0238946523221781,0.0348153698297023,-0.276908839223687,0.29792434553175,0.746693022446462,0.367891174129121
"28","Meki+Igfri",-0.375836697775818,-0.526630350720086,0.807412261663712,0.333372991509338,0.393242975939041,0.370700684608157,2.65171455258876,0.108332765572589,0.102183140333427,0.0862057385620583,-0.443159139559809,-0.585053332992686,0.538350594134892,0.129416660019105,0.0320518723647433,-0.361726314847035,0.290358145242257,0.0606524306395523,0.178672774265284,0.260144498312285,-5.8352422294799,-1.63779769212949,0.00903221129944381,0.00841562917719098,0.16121433994557,-0.228519233454955,-0.0208855381523868,0.117154333941683,0.109056746388635,0.601345406290145,-0.03820714689244,0.097515622250768,0.760932005405599,0.901392188237405,0.795846334333473
"29","Meki",-0.0776469307208635,-0.358527613388666,0.380051318412522,0.482253162236688,0.286587039155103,0.612988425622606,2.52414011089782,0.120436763685201,0.0252853447480706,0.0762573807299128,0.0386722610010055,-0.0970278727130287,0.374167997650802,0.67627510289268,0.463822200171283,-1.05013922198468,0.0102502260495213,0.156031511131872,0.182735143276162,0.9327450084456,-5.82802323208374,-2.14058130955281,0.0225615320603191,0.0138864553884041,0.0146792148049423,0.208798343093714,-0.056116841972728,0.218891353945449,0.0992874242022401,0.748237709100844,0.0340968388244538,-0.0977563740776667,0.355698991302186,0.782696700360215,0.200680015923775
"30","Meki+Pi3ki",-1.40902885982579,-1.86366355482486,0.309649662310463,0.0267141658003659,0.0261996469783841,0.677704797780512,3.03618430561669,0.136584413711879,0.0192348878698069,0.0903145455722972,-1.08185192643767,-1.17414839870471,0.569402524004555,0.0149912241591273,0.00140069287200594,-2.51281451952017,-0.924127507311357,0.334719460778705,0.0376980237449573,0.505384884867263,-6.02330595515377,-1.20576665649041,0.00650044822570077,0.00953593370353121,0.046245655248424,-0.20133721891686,-0.220378387808838,0.914093304742123,0.00977464013868661,0.292021247052883,0.146748322889024,0.567480690996278,0.395373298582321,0.598580750855831,0.258962510657933
"31","NoLif",-0.138098969458603,-0.196800663184761,0.779765147575574,0.417110501071032,0.298463777971625,-0.0686586810518818,-0.383797947096448,0.0834342882794666,0.594755691332197,0.0217436911031502,0.0380938514818455,-0.0116900247970319,0.449209369229153,0.526520787653198,0.725247022672483,-0.500930436553689,0.0540778584148019,0.465873612735373,0.499190915021438,0.392389089145382,-0.805106013511446,-1.92531048865942,0.0113527669823679,0.0284051178688897,0.0114830356986337,-1.33027334848335,-1.59822786449141,0.019001306353644,0.00134530447941984,0.0114982935806991,-0.072445212779824,0.131365522621561,0.591178959314453,0.578849831675591,0.71596335176131
"32","Pi3ki",-1.3886498966537,-1.90937663909562,0.284794694302135,0.00575500300676975,0.0341718662013154,0.156484987091855,-0.0737154190600944,0.403240598776828,0.252979854062787,0.762352076523136,-0.751307389204241,-0.940785570770724,0.0089375459590641,0.000162590422477714,0.000684717040935283,-2.84469655373454,-0.97357538510155,0.288491588555967,0.0255148172737513,0.483788498555819,-0.386264625241897,-0.595882779059192,0.722281976785622,0.450061914199895,0.23907628948233,-0.234288876080514,0.0697325424159837,0.324797098849584,0.381933709793244,0.71755938174891,-0.159159599522999,-0.323338937495842,0.322513852976863,0.0679736025794276,0.124243023934923
"33","Fgfri+Bmp4ri",-0.2277813519256,-0.431297790230491,0.371674914681962,0.0531819700559504,0.135702788599122,-0.878757502636745,-1.04316144921412,0.683356836472546,0.0880457321241851,0.0523993558471869,0.0618736760612964,-0.152334890668266,0.034987208305349,0.360509577348355,0.0371499271615267,-1.05475079814767,-0.143694094759507,0.132273678578535,0.1343448179157,0.697923206702852,-2.68763062680987,-2.79400738991894,0.3927496380746,0.000398060702970818,0.00111914829494566,-0.15399318929128,-0.150218031942105,0.988938111593896,0.387222630990755,0.550715032589685,-0.135270978791602,-0.506146336769336,0.0835086561455252,0.40494216086823,0.0215212124606986
"34","Igfri+Bmp4ri",-0.391126093158097,-0.536270203650725,0.416212258342651,0.0761466644188585,0.0409381628431345,-0.0521404480483703,-0.0791000433166393,0.869684820608401,0.753022727031579,0.0317970899038253,-0.257293176175951,-0.357787138784245,0.463326786340511,0.0171876707292752,0.0834720139369832,-1.87374803101633,-0.876453569017614,0.4282684152058,0.00831660717214933,0.468970244339497,-0.63054587462578,-0.610132433861959,0.981838072193304,0.126345166512107,0.544722054605489,-0.248502385305766,-0.131433800416581,0.457810644758427,0.16203571509387,0.335804072462813,-0.580935510514989,-0.655067373666484,0.93374546933076,0.0523433724725686,0.524041909336279
"35","Meki+Bmp4ri",-0.0257997065328837,-0.0148781562745987,0.971823718387615,0.917228646988404,0.9446385777153,0.534306657251576,2.75477463274148,0.0445145508879618,0.0639975718046076,0.0350589747296744,-0.0179646590721239,-0.0376731776771792,0.871609646011234,0.877624239559867,0.450109346230232,-0.301986781534297,0.421886903678546,0.10000406852433,0.107237183439583,0.215222553935637,-7.21108481096774,-2.9099587287734,0.0126497146993884,0.00521897943995335,0.000897630020817653,-0.152224635612594,-0.357347001092951,0.414027771356671,0.271865398786069,0.204013648998163,0.256933784624183,-0.445291946735475,0.0490128278048467,0.135118711546779,0.15015906420747
"36","Pi3ki+Bmp4ri",-1.33549921266741,-1.74349359787058,0.34692728328484,0.00128285997513861,0.0349613167236643,0.259437782728318,-0.17787947012596,0.0574379980087372,0.184883501620821,0.147344411998686,-0.766762833953768,-0.925136581110112,0.380046619752566,0.00440530511623395,0.0222697438411897,-2.7497991338053,-1.06738888668943,0.343280221088746,0.0297972523147297,0.485245817911864,-0.572158790337611,-0.431672095421694,0.835092793862929,0.32979208960399,0.435558578871549,-0.366458898763422,-0.142064085984115,0.25223932060887,0.122362927349439,0.0204084760505708,-0.754529669681201,-0.77915267230904,0.95275288482372,0.0143690072203584,0.163942892659796
"37","Fgfri+Gsk3i",-0.715074308853464,-1.01480028911369,0.35454955486167,0.00763799223438511,0.0560003969009267,-1.11841856112707,-0.834467132272948,0.486604362840032,0.0677656726975762,0.051309753137941,-0.0596857761617207,-0.40053721992755,0.00457497780140446,0.30529740988939,0.00538441602044835,-1.8376800242151,-0.336845559188436,0.150777603811461,0.0562888022760301,0.586655010044454,-3.33133683388253,-2.87632081009216,0.366070778650595,0.00600256525395964,0.0150816426022914,-0.143751104534759,-0.413422606149975,0.270199601455725,0.506841349194309,0.00410622727521107,-0.380042343010948,-0.156035015594998,0.573138746791973,0.365772888962365,0.304298174568319
"38","Igfri+Gsk3i",-1.12460166941723,-0.933884234588275,0.462735948617854,0.0215479548162177,0.0297011598401077,0.0887596143010218,-0.0178091807285557,0.638062727269072,0.691506415767017,0.526225339087246,-0.518492190925884,-0.478808730656328,0.795826445723503,0.0211408996716172,0.0569310219402687,-2.38944562915409,-0.939219010059544,0.3390904024516,0.0145845487223617,0.471134882717248,-0.376568483703251,-0.505444951501105,0.805592782886964,0.125302483314364,0.375043150241849,-0.140782602806876,-0.684637683859078,0.00567265493366949,0.169640125671155,0.0115119707018756,-0.0357235021799977,-0.217903049443123,0.548472872891166,0.847522400924379,0.430483361297605
"39","Meki+Gsk3i",-0.360046433795876,-0.536573622766745,0.488074325334503,0.0353124800273127,0.121116906867634,0.746884760475469,3.08576389813407,0.0699146234868717,0.0737965705819329,0.0487490223945569,0.0736868181863676,-0.280084820249322,0.0224552527465121,0.422323573795573,0.021438559413501,-1.14032019539018,-0.00619057100957451,0.146337979879189,0.0709156501772128,0.988105196294502,-6.74811052642622,-2.4414515947144,0.0116399900983997,0.0113332204632531,0.0311147127493943,-0.0358962635733373,-0.274082851973806,0.177306994037592,0.793623361516113,0.0496124612805947,-0.0710786606545467,-0.147944798979071,0.763526009691181,0.774927775098606,0.164850684034534
"40","Pi3ki+Gsk3i",-1.68834982915512,-1.81399047648945,0.756377804984779,0.00314205260053253,0.0347047750897178,0.379761311229861,0.039563646344691,0.246971582307872,0.216533027226855,0.681222572566442,-0.712008920585935,-0.836745692713018,0.427300970749906,0.00608083681617508,0.0208068483181805,-2.79341168691427,-0.965622189646873,0.321602204673844,0.0471295631823698,0.524448383373294,0.110748041379257,0.543059424050753,0.261130901240174,0.730717498039257,0.0526499411705778,-0.307350129237619,-0.615976227777985,0.0201239350363533,0.0125269057307931,0.0424743340629191,-0.0957620021339688,-0.0325591461188108,0.691466955921706,0.555531463090644,0.448476272333329
"41","Fgfri+Jaki",-0.827533663539981,-1.3381379677058,0.102610469218912,0.0260842402833333,0.0198170876294564,-1.31096058112807,-0.957789785249456,0.421811227420177,0.0539837915331558,0.0518816400169993,-0.204466768984483,-0.646059393993454,0.0350995060145145,0.160694089062505,0.00143081148071518,-1.37537324529741,-0.382243328465055,0.223440373996568,0.0121156941059355,0.486444146176172,-3.80279153220081,-3.93004994049421,0.750793165384967,0.0052009612992286,0.0041151836477649,-1.66104454495753,-1.97009911698825,0.332797604351146,0.00824521023199488,0.0132831709406465,-0.273475877372297,-0.539905322843998,0.466421099064396,0.352942047324006,0.153824716951663
"42","Igfri+Jaki",-0.930676997686318,-1.06824286370467,0.384046140646091,0.00216713221763879,0.0130689193477124,0.0578501789662562,0.0457606038472926,0.934827913187149,0.51682485351773,0.730735323291547,-0.651955886572234,-0.678148515927037,0.879832493371945,0.0428638472348975,0.0129935355963051,-2.01161726194997,-0.861579897320589,0.376374166974429,0.0313543262565559,0.468408880502802,-0.320765408776216,-0.192463932117913,0.400191472195818,0.0996218946177184,0.133523114493065,-1.70501941881046,-1.68977891457772,0.979995593792526,0.00872420084823517,0.0843177845851534,0.0214828576657633,-0.593776578707844,0.176952370173469,0.165794241317929,0.186702273305105
"43","Meki+Jaki",-0.236933497044183,-0.801815658599764,0.0991899662175854,0.353449990461044,0.0435774232223504,0.45638907161911,2.48877568357858,0.0659205118999433,0.00353551907193611,0.0456736402038029,-0.10765390226783,-0.474726619588898,0.274057490088734,0.704062900347736,0.0552538497063501,-0.328805279257727,0.030909072032619,0.575313203694527,0.604871420577962,0.896916879364869,-6.88978293765077,-2.65980784351087,0.0138696395641932,0.00674011025329919,0.032471717879306,-1.66040537002266,-1.9963093856168,0.540103860074794,0.0107822407658883,0.122149559414568,-0.0626185404497643,-0.193714246381448,0.337078842810062,0.591651217996267,0.183028995409528
"44","Pi3ki+Jaki",-1.95565529934466,-2.07094147783261,0.796032830840194,0.00276639822097376,0.032693330255552,0.186267151070742,-0.13335729553157,0.178235835277272,0.370523156964041,0.19403879654727,-0.957168919056805,-0.794908705244229,0.721759129196648,0.00122532995080388,0.182113560477952,-2.80563820877654,-0.941510216391692,0.298598314667026,0.0255108759265896,0.505286296128904,-0.163477778109908,-0.301926120114412,0.734441760861029,0.664752512028116,0.244045794955221,-1.9413757398267,-1.95449189023892,0.984915352403412,0.0283749327837221,0.0709232367892122,0.0739295520433626,-0.47361218555961,0.133172011920413,0.699686850303766,0.176117768270285
"45","Activin+NoLif",-0.0477826851972479,0.0704529196588115,0.63054322157847,0.825067802132519,0.611735706312415,0.311442741204829,0.0609703912800297,0.535388687002724,0.289612931878288,0.855423397307137,-0.133493103020262,-0.052406456851305,0.536929700020584,0.181884442925895,0.647605792437547,0.712389877363383,0.0825620075892438,0.27192565624631,0.265715600553676,0.590335563099611,-0.172562227095299,1.01870629672417,0.29806364606112,0.385678341686935,0.356925107005728,-1.52351746633462,-0.858311887674653,0.196509194806562,0.0319358263838584,0.118030680389688,-0.0249784318869,1.21184984697027,0.00898884445370809,0.910420995612031,0.0167756233742609
"46","Bmp4ri+NoLif",-0.1381810982889,-0.316153290722139,0.517120113871621,0.0291129274437939,0.299732870693245,0.1505132796936,-0.368747570323529,0.00403958208547971,0.123466470200456,0.0290047110727313,0.106232888093181,0.0405369722704554,0.463609542475649,0.270228386305325,0.347369743479035,-0.71649199170529,-0.007446727218078,0.424689217518879,0.431688044452817,0.97246717533004,-0.495148876735392,-1.97613961510605,0.108453193320119,0.0991573907549567,0.0720648995023179,-1.4758717840449,-1.64391312832181,0.605697877766824,0.010481299830553,0.0228325733945904,-0.465098001571961,-0.557367187972743,0.807149783074952,0.0274001787787022,0.23037266580343
"47","Fgf4+NoLif",0.0561431057734246,-0.218493873109195,0.378522271947715,0.278932695483064,0.466292408891084,0.232688098309231,0.521436893749298,0.407349200681199,0.0325082648933012,0.200769255425991,-0.123905569974418,-0.0732416679903736,0.660327897506283,0.245433859743621,0.431839459585967,0.407159536364455,-0.155817867882845,0.474980023531497,0.207732470536487,0.818181608301554,0.02420518843493,0.914806927294851,0.145636040478136,0.779183635091756,0.143901223365674,-1.82371747884247,-2.56424960036887,0.503221953554972,0.00742166429596975,0.106525540139521,-0.0979516455718347,0.0450817049985935,0.729947888803634,0.809870882072604,0.567721134470754
"48","Fgfri+NoLif",-0.228448202451778,-0.631718742712218,0.288020134954902,0.0987588784253263,0.155292000162334,-1.61816371642805,-0.928406179483563,0.466938495913799,0.165250295062046,0.0940047642951261,-0.112307770028461,-0.323156691338883,0.0747928418655503,0.0409804809897573,0.0404364671198861,-1.46208871776932,-0.134014807059181,0.216493460167353,0.241010912318139,0.769691398451121,-2.87378187632679,-3.9045230798757,0.221629819970692,0.0408981144451337,0.00406235399448787,-1.27267551796929,-1.24567509307957,0.902532937116148,0.0132807999833969,0.0132105115379641,0.317988561205571,0.046283363961261,0.501377515708183,0.427454113272553,0.777955997544856
"49","Gsk3i+NoLif",-0.591781292879112,-0.919107111523709,0.20441821124117,0.0181593924564919,0.0365748620129845,0.168913998804411,-0.351847539531758,0.0220770381743532,0.264852854470715,0.046555599478775,-0.0137192388116303,-0.259976351070674,0.042542604469645,0.758814149207336,0.0577414238005294,-1.39990854858137,-0.393964151654942,0.378299601472891,0.290855918226859,0.608950663814965,-0.787825145420512,-1.02950826096226,0.636332512735876,0.025483754820684,0.138627192637062,-1.4738139737053,-1.63903990464741,0.691991764339482,0.0427268167336817,0.0176719498828345,-0.53038920238303,-0.196608027890223,0.0530864123936762,0.000334770985793782,0.137664107694311
"50","Igfri+NoLif",-0.481632142725832,-0.680253756784377,0.507427390792649,0.105376044945103,0.0850597105317429,-0.18459741722241,-0.224031843121663,0.907302284556459,0.594240176987797,0.0980430290954104,-0.372538476286489,-0.606589455661793,0.115364743932341,0.0587483837370828,0.00599869019209216,-1.40460789758249,-0.389146228227573,0.324944017490081,0.0445625709207316,0.624693184795481,-0.392105687047383,-1.01232904062411,0.22282593163467,0.0983918088922376,0.107748392951839,-0.994733090820873,-1.3367443256592,0.215132036008476,0.023740682105495,0.01610430806599,-0.365658349516776,-0.202326825083701,0.297263604013804,0.0357424927943721,0.213015969483827
"51","Jaki+NoLif",-0.551030115498228,-1.0692832385166,0.185644237610213,0.00169652593035359,0.0551129039017868,0.176538723697921,-0.166178547215677,0.0653955523284901,0.238725541675015,0.165247540910757,-0.123143317516136,-0.132311524603512,0.97441554932752,0.0307971612559655,0.652892847990504,-1.16817290110144,-0.235906380328222,0.239329911666196,0.223590653382963,0.427604111378197,-0.524545030481456,-2.02707501062275,0.00759147667439294,0.131868222504386,0.0110113931414108,-1.73631782510299,-2.18935860552607,0.293905775412505,0.0290693971802309,0.00910584576478441,-0.551906689400704,-0.545604313497838,0.965794043710235,0.0170833791321678,0.0419516345782513
"52","Meki+NoLif",0.139825981305395,-0.305733916675682,0.429167973749367,0.259704298039733,0.568526509450402,0.506005142004798,2.50074443284698,0.159161849002648,0.131983660939874,0.114444178932046,0.0309689507029431,-0.144508951745868,0.450134542724956,0.664904452806837,0.518541783152745,-0.708449186193109,0.199207144370719,0.421223892517907,0.499428124721212,0.0666071012035806,-6.37990967122322,-4.13829206338041,0.0857559846299202,0.0142427372657646,0.00506485323603134,-1.5488592595109,-1.12968403266641,0.20651300334618,0.00933315672435539,0.0374276241732635,-0.331030978345236,-0.0171550596441305,0.0529841172601037,0.051309333553082,0.858106840724647
"53","Pi3ki+NoLif",-1.15985276017776,-1.86224710247954,0.228224886265265,0.0443632400309101,0.0441652691659118,0.195652319675746,-0.206026151297096,0.114461021475839,0.224337761262495,0.321914112891552,-0.651235434926851,-0.748509592104286,0.716238311607451,0.0119124211095453,0.0807962097216941,-2.75218060681829,-0.977585109269612,0.318619598422551,0.0383394315168324,0.505092789969853,-0.255075949845355,-1.54217091204037,0.0177138477311887,0.196442619695373,0.0241573617933429,-1.16432393080032,-1.50816146214086,0.332421239829843,0.00767539448168787,0.0306056750598445,-0.106373439272107,-0.117370207643085,0.927585880998737,0.347077764069976,0.246842415934273
